<Config>

  <!-- Make steel doors (not powered) upgradable to bloodstone -->
  <append xpath="/blocks/block[@name='vaultDoor01']">

    <property class="UpgradeBlock">
      <property name="ToBlock" value="bloodstoneDoor"/>
      <property name="Item" value="resourceBloodstone"/>
      <property name="ItemCount" value="10"/>
      <property name="UpgradeHitCount" value="6"/>
    </property>
    
  </append>
  
  <!-- Make steel upgradable to bloodstone p1 -->
  <append xpath="/blocks/block[@name='steelShapes']">

    <property class="UpgradeBlock">
      <property name="ToBlock" value="bloodstoneShapes"/>
      <property name="Item" value="resourceBloodstone"/>
      <property name="ItemCount" value="10"/>
      <property name="UpgradeHitCount" value="4"/>
    </property>
    
  </append>

  <!-- Make steel upgradable to bloodstone p2 -->
  <append xpath="/blocks/block[@name='steelMaster']">

    <property class="UpgradeBlock">
      <property name="ToBlock" value="steelMaster"/>
      <property name="Item" value="resourceBloodstone"/>
      <property name="ItemCount" value="10"/>
      <property name="UpgradeHitCount" value="4"/>
    </property>

  </append>
  
  <!-- Add bloodstone shapes -->
  <append xpath="/blocks">

    <block name="bloodstoneShapes" shapes="All">
      <property name="DescriptionKey" value="bloodstoneShapesDesc"/>
      <property name="DisplayType" value="blockHardened"/>
      <property name="Material" value="Mbloodstone_shapes"/>
      <property name="Shape" value="New"/>
      <property name="Texture" value="540"/>
      <property name="UiBackgroundTexture" value="540"/>
      <property name="EconomicValue" value="250"/>
      <property class="RepairItems">
        <property name="resourceBloodstone" value="5"/>
      </property>
      <drop event="Harvest" name="resourceScrapIron" count="15" tag="allHarvest"/>
      <drop event="Destroy" count="0"/>
      <drop event="Fall" name="scrapMetalPile" count="1" prob="0.75" stick_chance="1"/>
      <property name="UpgradeSound" value="place_block_metal"/>
      <property name="SortOrder1" value="S040"/>
      <!-- SortOrder2 is assigned in code to keep all of the shapes in the same order for each material -->
      <property name="Group" value="Building,advBuilding"/>
      <property name="FilterTags" value="MC_Shapes"/>
    </block>
    
  </append>

  <!-- Add bloodstone door -->
  <append xpath="/blocks">

    <block name="bloodstoneDoor">
      <!-- Class -->
      <property name="Class" value="DoorSecure"/>
      <property name="OpenSound" value="open_door_vault"/>
      <property name="CloseSound" value="close_door_vault"/>
      <property name="IndexName" value="TraderOnOff"/>
      <!-- UI_Info -->
      <property name="DisplayType" value="blockHardenedMulti"/>
      <property name="DescriptionKey" value="vaultDoor01Desc"/>
      <property name="Stacknumber" value="500"/>
      <!-- Visual -->
      <property name="Material" value="Mbloodstone_shapes"/>
      <property name="Shape" value="ModelEntity"/>
      <property name="Model" value="Entities/Doors/vaultDoor/vaultDoorPrefab"/>
      <property name="ModelOffset" value="0,0,0"/>
      <property name="MultiBlockDim" value="1,2,1"/>
      <property name="ImposterExchange" value="imposterBlock" param1="77"/>
      <property name="LightOpacity" value="1"/>
      <property name="WaterFlow" value="permitted"/>
      <!-- Placement -->
      <property name="Place" value="Door"/>
      <property name="PlaceEverywhere" value="true"/>
      <property name="AllowAllRotations" value="true"/>
      <property name="StabilitySupport" value="false"/>
      <!-- Value -->
      <property name="EconomicValue" value="1"/>
      <property name="SellableToTrader" value="false"/>
      <!-- Interaction -->
      <property name="MaxDamage" value="25000"/>
      <property name="StartDamage" value="0"/>
      <property name="PassThroughDamage" value="true"/>
      <property name="Stage2Health" value="1"/>
      <property name="MeshDamage" value="
		Door/DMG0, 15000,
		Door/DMG1, 10000,
		Door/DMG2, 5000,
		-, 1
		"/>
      <property class="RepairItems">
        <property name="resourceBloodstone" value="11"/>
      </property>
      <property class="RepairItemsMeshDamage">
        <property name="resourceBloodstone" value="1"/>
      </property>
      <drop event="Harvest" name="terrStone" count="0" tool_category="Disassemble"/>
      <drop event="Harvest" name="resourceScrapIron" count="96" tag="allHarvest"/>
      <drop event="Destroy" count="0"/>
      <drop event="Fall" name="scrapMetalPile" count="1" prob="0.75" stick_chance="1"/>
      <!-- Sorting -->
      <property name="SortOrder1" value="B303"/>
      <property name="SortOrder2" value="000"/>
      <property name="Group" value="Building,advBuilding"/>
      <property name="Tags" value="door"/>
      <property name="BlockTag" value="Door"/>
      <property name="FilterTags" value="MC_building,SC_doors"/>
    </block>

  </append>
  
</Config>