<configs>

  <!-- Add bloodstone bags -->
  <append xpath="/entity_classes">

    <entity_class name="zBloodstonePackReg">
      <property name="Class" value="EntityLootContainer"/>
      <property name="UserSpawnType" value="Console"/>
      <property name="Mesh" value="@:Entities/LootContainers/zpackBluePrefab.prefab"/>
      <property name="TintColor" value="250, 57, 57"/>
      <property name="ModelType" value="Custom"/>
      <property name="Prefab" value="Backpack"/>
      <property name="Parent" value="Backpack"/>
      <property name="IsEnemyEntity" value="false"/>
      <property name="TimeStayAfterDeath" value="1200"/>
      <property name="LootListOnDeath" value="zBloodstonePackReg"/>
      <property name="Faction" value="none"/>
    </entity_class>

    <entity_class name="zBloodstonePackStrong">
      <property name="Class" value="EntityLootContainer"/>
      <property name="UserSpawnType" value="Console"/>
      <property name="Mesh" value="@:Entities/LootContainers/zpackBluePrefab.prefab"/>
      <property name="TintColor" value="250, 57, 57"/>
      <property name="ModelType" value="Custom"/>
      <property name="Prefab" value="Backpack"/>
      <property name="Parent" value="Backpack"/>
      <property name="IsEnemyEntity" value="false"/>
      <property name="TimeStayAfterDeath" value="1200"/>
      <property name="LootListOnDeath" value="zBloodstonePackStrong"/>
      <property name="Faction" value="none"/>
    </entity_class>

  </append>
  
   <!-- Add giant zombies that drops blood -->
  <append xpath="/entity_classes">

    <entity_class name="zombieSkateboarderRadiatedGiant" extends="zombieSkateboarderFeral">
      <property name="UserSpawnType" value="Menu"/>
      <property name="SizeScale" value="1.5"/>
      <property name="Tags" value="entity,zombie,walker,feral,radiated"/>
      <property name="Mesh" value="@:Entities/Zombies/Prefabs/ZThugRadiated.prefab"/>
      <property name="AltMats" value="@:Entities/Zombies/Zombies/Materials/HD_Thug_Radiated2.mat,@:Entities/Zombies/Zombies/Materials/HD_Thug_Radiated3.mat"/>

      <!-- Gameplay zombieSkateboarderRadiated -->
      <property name="DismemberMultiplierHead" value=".4"/>
      <property name="DismemberMultiplierArms" value=".4"/>
      <property name="DismemberMultiplierLegs" value=".4"/>
      <!-- Radiated -->
      <property name="PainResistPerHit" value=".9"/>
      <property name="MoveSpeedAggro" value="0.4, 1.4"/>
      <!-- fit, regular -->
      <!-- Radiated -->
      <property name="ExperienceGain" value="2500"/>
      <!-- XP grunt radiated -->
      <property name="LootDropProb" value="1"/>
      <property name="LootDropEntityClass" value="zBloodstonePackReg"/>

      <effect_group name="Base Effects">
        <passive_effect name="HealthMax" operation="base_set" value="2000"/>
        <triggered_effect trigger="onOtherDamagedSelf" action="ModifyCVar" target="self" cvar="RadiatedRegenAmount" operation="set" value="6"/>
        <triggered_effect trigger="onOtherDamagedSelf" action="AddBuff" target="self" buff="buffRadiatedRegen"/>
        <!-- <passive_effect name="BuffProcChance" operation="perc_add" value="-1" tags="buffInjuryCrippled01,defend,head" match_all_tags="true"/>
		    <passive_effect name="BuffProcChance" operation="perc_add" value="-1" tags="buffInjuryCrippled01,defend,upperbody" match_all_tags="true"/>
		    <passive_effect name="BuffProcChance" operation="perc_add" value="0" tags="buffInjuryCrippled01,defend,lowerbody" match_all_tags="true"/> -->
      </effect_group>
    </entity_class>

    <entity_class name="zombieSteveRadiatedGiant" extends="zombieSteveFeral">
      <property name="UserSpawnType" value="Menu"/>
      <property name="SizeScale" value="1.5"/>
      <property name="Tags" value="entity,zombie,walker,feral,radiated"/>
      <property name="Mesh" value="@:Entities/Zombies/Prefabs/ZSteveRadiated.prefab"/>
      <property name="AltMats" value="@:Entities/Zombies/Zombies/Materials/HD_Steve_Radiated2.mat,@:Entities/Zombies/Zombies/Materials/HD_Steve_Radiated3.mat,@:Entities/Zombies/Zombies/Materials/HD_Steve_Radiated4.mat,@:Entities/Zombies/Zombies/Materials/HD_Steve_Radiated5.mat"/>
      <!--<property name="ParticleOnSpawn" value="@:ParticleEffects/RadiatedParticlesOnMesh.prefab" param1="SetShapeToMesh0"/>-->

      <!-- Gameplay zombieSteveRadiated -->
      <property name="DismemberMultiplierHead" value=".4"/>
      <property name="DismemberMultiplierArms" value=".4"/>
      <property name="DismemberMultiplierLegs" value=".4"/>
      <!-- Radiated -->
      <property name="PainResistPerHit" value=".9"/>
      <property name="MoveSpeedAggro" value="0.4, 1.4"/>
      <!-- Radiated -->
      <property name="ExperienceGain" value="3500"/>
      <!-- XP grunt radiated -->
      <property name="LootDropProb" value="1"/>
      <property name="LootDropEntityClass" value="zBloodstonePackReg"/>

      <effect_group name="Base Effects">
        <passive_effect name="HealthMax" operation="base_set" value="3000"/>
        <!--<passive_effect name="EntityDamage" operation="perc_add" value="0"/>-->
        <!-- Feral damage -->
        <triggered_effect trigger="onOtherDamagedSelf" action="ModifyCVar" target="self" cvar="RadiatedRegenAmount" operation="set" value="4"/>
        <triggered_effect trigger="onOtherDamagedSelf" action="AddBuff" target="self" buff="buffRadiatedRegen"/>
      </effect_group>
    </entity_class>

    <entity_class name="zombiePartyGirlGiant" extends="zombieTemplateSlimFemale">
      <property name="UserSpawnType" value="Menu"/>
      <property name="SizeScale" value="1.5"/>
      <property name="Tags" value="entity,zombie,walker"/>
      <property name="Mesh" value="@:Entities/Zombies/Prefabs/ZCocktailWaitress.prefab"/>
      <property name="AltMats" value="@:Entities/Zombies/Zombies/Materials/HD_CocktailWaitress2.mat,@:Entities/Zombies/Zombies/Materials/HD_CocktailWaitress3.mat"/>

      <!-- Dismemberment -->
      <property name ="DismemberTag_L_HeadGore" value="Cocktailwaitress/Blade/Head;Cocktailwaitress/Blunt/Head" data="type=blade+target=neck+atp=true+detach=true;type=blunt+target=neck+atp=true"/>
      <property name ="DismemberTag_L_LeftLowerArmGore" value="Cocktailwaitress/Blade/LeftLowerArm" data="type=blade+target=leftforearmroll+atp=true+detach=true+mask=true"/>
      <property name ="DismemberTag_L_LeftLowerLegGore" value="Cocktailwaitress/Blade/LeftLowerLeg" data="type=blade+target=leftleg+detach=true+mask=true"/>
      <property name ="DismemberTag_L_LeftUpperArmGore" value="Cocktailwaitress/Blade/LeftUpperArm" data="type=blade+target=leftarmroll+atp=true+detach=true+mask=true"/>
      <property name ="DismemberTag_L_RightLowerArmGore" value="Cocktailwaitress/Blade/RightLowerArm" data="type=blade+target=rightforearmroll+atp=true+detach=true+mask=true"/>
      <property name ="DismemberTag_L_RightLowerLegGore" value="Cocktailwaitress/Blade/RightLowerLeg" data="type=blade+target=rightleg+detach=true+mask=true"/>
      <property name ="DismemberTag_L_RightUpperArmGore" value="Cocktailwaitress/Blade/RightUpperArm" data="type=blade+target=rightarmroll+atp=true+detach=true+mask=true"/>
      <property name ="DismemberTag_L_LeftUpperLegGore" value="linked" data="DismemberTag_L_LeftLowerLegGore"/>
      <property name ="DismemberTag_L_RightUpperLegGore" value="linked" data="DismemberTag_L_RightLowerLegGore"/>

      <!-- Gameplay zombiePartyGirl -->
      <property name="MoveSpeedAggro" value="0.3, 1.35"/>
      <!-- slim, regular -->
      <!-- Radiated -->
      <property name="ExperienceGain" value="3500"/>
      <!-- XP grunt radiated -->
      <property name="LootDropProb" value="1"/>
      <property name="LootDropEntityClass" value="zBloodstonePackReg"/>

      <effect_group name="Base Effects">
        <passive_effect name="HealthMax" operation="base_set" value="1000"/>
      </effect_group>
    </entity_class>

    <entity_class name="zombieFatCopGiant" extends="zombieTemplateMale">
      <property name="UserSpawnType" value="Menu"/>
      <property name="SizeScale" value="2"/>
      <property name="Class" value="EntityZombieCop"/>
      <property name="Tags" value="entity,zombie,walker,zombieCop"/>
      <property name="Mesh" value="@:Entities/Zombies/Prefabs/ZCop.prefab"/>
      <property name="WalkType" value="1"/>
      <property name="RightHandJointName" value="Jaw"/>
      <property name="ModelType" value="Standard"/>
      <property name="Mass" value="320"/>
      <property name="Weight" value="70"/>
      <property name="PhysicsBody" value="zombieFat"/>
      <property name="RootMotion" value="true"/>
      <property name="HasDeathAnim" value="true"/>
      <property name="PushFactor" value="20"/>

      <property name="AITask" value="
	BreakBlock|
	ApproachDistraction|
	RangedAttackTarget itemType=1;cooldown=4;duration=5|
	ApproachAndAttackTarget class=EntityPlayer,0,EntityBandit,0,EntityEnemyAnimal|
	ApproachSpot|
	Look|
	Wander|
	"/>

      <property name="SoundRandom" value="hulkroam"/>
      <property name="SoundAlert" value="hulkalert"/>
      <property name="SoundAttack" value="hulkattack"/>
      <property name="SoundHurt" value="hulkpain"/>
      <property name="SoundDeath" value="hulkdeath"/>
      <property name="SoundSense" value="hulksense"/>
      <property name="SoundFootstepModifier" value="bear_footstep"/>
      <property name="SoundExplodeWarn" value="hulkexplodewarning"/>

      <property name="DismemberMultiplierLegs" value="0"/>
      <property name="LegCrawlerThreshold" value="0"/>
      <property name="LegCrippleThreshold" value="0"/>
      <property name="KnockdownProneDamageThreshold" value="0"/>
      <property name="KnockdownKneelDamageThreshold" value="0"/>
      <property name="LegsExplosionDamageMultiplier" value="2"/>
      <!-- volatile so vulnerable to land mines/explosives -->
      <property name="ArmsExplosionDamageMultiplier" value="2"/>
      <property name="HeadExplosionDamageMultiplier" value="2"/>
      <property name="ChestExplosionDamageMultiplier" value="2"/>

      <!-- Dismemberment -->
      <property name ="DismemberTag_L_HeadGore" value="Cop/Blade/Head;Cop/Blunt/Head" data="type=blade+target=head+atp=true+detach=true+ico=neck;type=blunt+target=head+atp=true"/>
      <property name ="DismemberTag_L_LeftLowerArmGore" value="Cop/Blade/LeftLowerArm" data="type=blade+target=leftforearmroll+atp=true+detach=true+mask=true"/>
      <property name ="DismemberTag_L_LeftUpperArmGore" value="Cop/Blade/LeftUpperArm" data="type=blade+target=leftarmroll+atp=true+detach=true+mask=true"/>
      <property name ="DismemberTag_L_LeftUpperLegGore" value="Cop/Blade/LeftUpperLeg" data="type=blade+target=leftupleg+detach=true+mask=true"/>
      <property name ="DismemberTag_L_RightLowerArmGore" value="Cop/Blade/RightLowerArm" data="type=blade+target=rightforearmroll+atp=true+detach=true+mask=true"/>
      <property name ="DismemberTag_L_RightUpperArmGore" value="Cop/Blade/RightUpperArm" data="type=blade+target=rightarmroll+atp=true+detach=true+mask=true"/>
      <property name ="DismemberTag_L_RightUpperLegGore" value="Cop/Blade/RightUpperLeg" data="type=blade+target=rightupleg+detach=true+mask=true"/>
      <property name ="DismemberTag_L_LeftLowerLegGore" value="linked" data="DismemberTag_L_LeftUpperLegGore"/>
      <property name ="DismemberTag_L_RightLowerLegGore" value="linked" data="DismemberTag_L_RightUpperLegGore"/>

      <!-- Gameplay zombieFatCop -->
      <property name="MoveSpeedAggro" value="0.2, 1.2"/>
      <property name="JumpMaxDistance" value="1.1, 1.4"/>
      <property name="HandItem" value="meleeHandZombieCop"/>
      <property name="ExperienceGain" value="10000"/>
      <!-- XP strong -->
      <property name="LootDropEntityClass" value="EntityLootContainerStrong"/>
      <!-- XP grunt radiated -->
      <property name="LootDropProb" value="1"/>
      <property name="LootDropEntityClass" value="zBloodstonePackStrong"/>
      
      <effect_group name="Base Effects">
        <passive_effect name="HealthMax" operation="base_set" value="4000"/>
        <triggered_effect trigger="onSelfFirstSpawn" action="ModifyCVar" target="self" cvar="EntityBoss" operation="set" value="1"/>
      </effect_group>

      <property name="Explosion.ParticleIndex" value="8"/>
      <property name="Explosion.RadiusBlocks" value="8"/>
      <property name="Explosion.RadiusEntities" value="8"/>
      <property name="Explosion.BlockDamage" value="1000"/>
      <property name="Explosion.EntityDamage" value="250"/>
      <property name="Explosion.DamageBonus.earth" value="0"/>
    </entity_class>

    <entity_class name="animalDragon" extends="animalZombieVulture">
      <property name="UserSpawnType" value="Menu"/>
      <property name="Tags" value="entity,animal,zombie,hostile,radiated,vulture"/>
      <!-- hardcoded to use the vomit attack if isRadiated=true -->
      <property name="Radiated" value=""/>
      <property name="Mass" value="50"/>
      <property name="SizeScale" value="16"/>
      <!--<property name="ParticleOnSpawn" value="@:ParticleEffects/RadiatedParticlesOnMesh.prefab" param1="SetShapeToMesh0"/>-->

      <property name="MoveSpeed" value=".75"/>
      <property name="MoveSpeedAggro" value="1.5, 2"/>
      <property name="MaxTurnSpeed" value="150"/>

      <property name="AITask" value="
			BreakBlock|
			ApproachDistraction|
			RangedAttackTarget itemType=1;cooldown=4;duration=5|
			ApproachAndAttackTarget class=EntityPlayer,0,EntityBandit,0,EntityEnemyAnimal|
			ApproachSpot|
			Look|
			Wander|
			"/>

      <property name="HandItem" value="meleeHandAnimalDragon"/>

      <property name="ExperienceGain" value="15000"/>
      <!-- XP grunt radiated -->

      <property name="DeadBodyHitPoints" value="500"/>

      <property name="LootDropProb" value="1"/>
      <property name="LootDropEntityClass" value="zBloodstonePackStrong"/>

      <effect_group name="Base Effects">
        <passive_effect name="HealthMax" operation="base_set" value="5000"/>
        <passive_effect name="BuffResistance" operation="base_set" value="2" tags="buffRadiationPool"/>
        <passive_effect name="EntityDamage" operation="perc_add" value=".75"/>
        <!-- Feral damage -->
        <triggered_effect trigger="onOtherDamagedSelf" action="ModifyCVar" target="self" cvar="RadiatedRegenAmount" operation="set" value="4"/>
        <triggered_effect trigger="onOtherDamagedSelf" action="AddBuff" target="self" buff="buffRadiatedRegen"/>
      </effect_group>

      <property name="Explosion.ParticleIndex" value="8"/>
      <property name="Explosion.RadiusBlocks" value="5"/>
      <property name="Explosion.RadiusEntities" value="12"/>
      <property name="Explosion.BlockDamage" value="100"/>
      <property name="Explosion.EntityDamage" value="150"/>
      <property name="Explosion.DamageBonus.earth" value="1"/>

    </entity_class>
    
  </append>
  
</configs>