<Config>

  <!-- ===================================================================================== -->
  <!-- Increase lootstage_modifier, lootstage_bonus, gamestage_modifier, and gamestage_bonus -->
  <!-- ===================================================================================== -->

  <!-- # Snow # Default lootstage_modifier is 1, change it to 1.25. -->
  <setattribute xpath="/worldgeneration/biomes/biome[@name='snow']" name="lootstage_modifier">1.25</setattribute>
  <!-- # Pine Forest # Default lootstage_modifier is 0, change it to 0.5. -->
  <setattribute xpath="/worldgeneration/biomes/biome[@name='pine_forest']" name="lootstage_modifier">0.5</setattribute>
  <!-- # Desert # Default lootstage_modifier is 0.5, change it to 0.75. -->
  <setattribute xpath="/worldgeneration/biomes/biome[@name='desert']" name="lootstage_modifier">0.75</setattribute>
  <!-- # Wasteland # Default lootstage_modifier is 1.5, change it to 2. -->
  <setattribute xpath="/worldgeneration/biomes/biome[@name='wasteland']" name="lootstage_modifier">2</setattribute>
  <!-- # Burnt Forest # Default lootstage_modifier is 0.5, change it to 0.75. -->
  <setattribute xpath="/worldgeneration/biomes/biome[@name='burnt_forest']" name="lootstage_modifier">0.75</setattribute>

  <!-- # Snow # Default lootstage_bonus is 20, change it to 30. -->
  <setattribute xpath="/worldgeneration/biomes/biome[@name='snow']" name="lootstage_bonus">30</setattribute>
  <!-- # Pine Forest # Default lootstage_bonus is 0, change it to 10. -->
  <setattribute xpath="/worldgeneration/biomes/biome[@name='pine_forest']" name="lootstage_bonus">10</setattribute>
  <!-- # Desert # Default lootstage_bonus is 10, change it to 20. -->
  <setattribute xpath="/worldgeneration/biomes/biome[@name='desert']" name="lootstage_bonus">20</setattribute>
  <!-- # Wasteland # Default lootstage_bonus is 30, change it to 40. -->
  <setattribute xpath="/worldgeneration/biomes/biome[@name='wasteland']" name="lootstage_bonus">40</setattribute>
  <!-- # Burnt Forest # Default lootstage_bonus is 10, change it to 15. -->
  <setattribute xpath="/worldgeneration/biomes/biome[@name='burnt_forest']" name="lootstage_bonus">15</setattribute>

  <!-- # Snow # Default gamestage_modifier is 1, change it to 1.5. -->
  <setattribute xpath="/worldgeneration/biomes/biome[@name='snow']" name="gamestage_modifier">1.5</setattribute>
  <!-- # Pine Forest # Default gamestage_modifier is 0, change it to 0.5. -->
  <setattribute xpath="/worldgeneration/biomes/biome[@name='pine_forest']" name="gamestage_modifier">0.5</setattribute>
  <!-- # Desert # Default gamestage_modifier is 0.5, change it to 1. -->
  <setattribute xpath="/worldgeneration/biomes/biome[@name='desert']" name="gamestage_modifier">1</setattribute>
  <!-- # Wasteland # Default gamestage_modifier is 1.5, change it to 2. -->
  <setattribute xpath="/worldgeneration/biomes/biome[@name='wasteland']" name="gamestage_modifier">2</setattribute>
  <!-- # Burnt Forest # Default gamestage_modifier is 0.5, change it to 1. -->
  <setattribute xpath="/worldgeneration/biomes/biome[@name='burnt_forest']" name="gamestage_modifier">1</setattribute>

  <!-- # Snow # Default gamestage_bonus is 20, change it to 40. -->
  <setattribute xpath="/worldgeneration/biomes/biome[@name='snow']" name="gamestage_bonus">40</setattribute>
  <!-- # Pine Forest # Default gamestage_bonus is 0, change it to 20. -->
  <setattribute xpath="/worldgeneration/biomes/biome[@name='pine_forest']" name="gamestage_bonus">20</setattribute>
  <!-- # Desert # Default gamestage_bonus is 10, change it to 30. -->
  <setattribute xpath="/worldgeneration/biomes/biome[@name='desert']" name="gamestage_bonus">30</setattribute>
  <!-- # Wasteland # Default gamestage_bonus is 30, change it to 75. -->
  <setattribute xpath="/worldgeneration/biomes/biome[@name='wasteland']" name="gamestage_bonus">75</setattribute>
  <!-- # Burnt Forest # Default gamestage_bonus is 10, change it to 30. -->
  <setattribute xpath="/worldgeneration/biomes/biome[@name='burnt_forest']" name="gamestage_bonus">30</setattribute>

  <!-- ======================================== -->
  <!-- Make mines slightly more likely to spawn -->
  <!-- ======================================== -->
  
  <!-- # Wasteland # Default mineCandyTin prob is 0.00015, change it to 0.0002. -->
  <setattribute xpath="/worldgeneration/biomes/biome[@name='wasteland']/decorations/decoration[@blockname='mineCandyTin']" name="prob">0.0002</setattribute>
  
  <!-- # Wasteland # Default mineHubcap prob is 0.0001, change it to 0.00015. -->
  <setattribute xpath="/worldgeneration/biomes/biome[@name='wasteland']/decorations/decoration[@blockname='mineHubcap']" name="prob">0.00015</setattribute>
  
</Config>