<Config>

  <!-- Make steel upgradable to bloodstone p1 -->
  <append xpath="/blocks/block[@name='steelShapes']">

    <property class="UpgradeBlock">
      <property name="ToBlock" value="bloodstoneShapes"/>
      <property name="Item" value="resourceBloodstone"/>
      <property name="ItemCount" value="5"/>
      <property name="UpgradeHitCount" value="4"/>
    </property>
    
  </append>

  <!-- Make steel upgradable to bloodstone p2 -->
  <append xpath="/blocks/block[@name='steelMaster']">

    <property class="UpgradeBlock">
      <property name="ToBlock" value="steelMaster"/>
      <property name="Item" value="resourceBloodstone"/>
      <property name="ItemCount" value="5"/>
      <property name="UpgradeHitCount" value="4"/>
    </property>

  </append>
  
  <!-- Add bloodstone shapes -->
  <append xpath="/blocks">

    <block name="bloodstoneShapes" shapes="All">
      <property name="DescriptionKey" value="bloodstoneShapesDesc"/>
      <property name="DisplayType" value="blockHardened"/>
      <property name="Material" value="Mbloodstone_shapes"/>
      <property name="Shape" value="New"/>
      <property name="Texture" value="540"/>
      <property name="UiBackgroundTexture" value="540"/>
      <property name="EconomicValue" value="250"/>
      <property class="RepairItems">
        <property name="resourceBloodstone" value="5"/>
      </property>
      <drop event="Harvest" name="resourceScrapIron" count="15" tag="allHarvest"/>
      <drop event="Destroy" count="0"/>
      <drop event="Fall" name="scrapMetalPile" count="1" prob="0.75" stick_chance="1"/>
      <property name="UpgradeSound" value="place_block_metal"/>
      <property name="SortOrder1" value="S040"/>
      <!-- SortOrder2 is assigned in code to keep all of the shapes in the same order for each material -->
      <property name="Group" value="Building,advBuilding"/>
      <property name="FilterTags" value="MC_Shapes"/>
    </block>
    
  </append>
  
</Config>