<Config>

  <!-- Add bloodstone -->
  <append xpath="/items">

    <item name="resourceBloodstone">
      <property name="CustomIcon" value="resourceBloodstone"/>
      <property name="CustomIconTint" value="c2d6d6"/>
      <property name="HoldType" value="45"/>
      <property name="Meshfile" value="@:Other/Items/Misc/sackPrefab.prefab"/>
      <property name="DropMeshfile" value="@:Other/Items/Misc/sack_droppedPrefab.prefab"/>
      <property name="Material" value="MresourceForgedIron"/>
      <property name="Stacknumber" value="500"/>
      <!-- STK resource -->
      <property name="EconomicValue" value="120"/>
      <property name="CraftingIngredientTime" value="10"/>
      <property name="RepairTime" value=".5"/>
      <property name="RepairAmount" value="500"/>
      <property name="Group" value="Resources"/>
      <property name="SoundPickup" value="forgedmetal_grab"/>
      <property name="SoundPlace" value="forgedmetal_place"/>
    </item>

  </append>

  <!-- Add bloodstone to allowed upgrade within repair tools -->
  <setattribute xpath="/items/item[@name='meleeToolRepairT0StoneAxe']/property[@class='Action1']/property[@name='Allowed_upgrade_items']" name="value">resourceBloodstone,resourceWood,resourceClayLump,resourceSnowBall,resourceScrapIron,resourceForgedIron,resourceForgedSteel,resourceConcreteMix,resourceCobblestones,ironDoorBlockVariantHelper,ironDoorDoubleBlockVariantHelper,vaultDoor01,vaultDoor01Double,ironHatchBlockVariantHelper,vaultHatch01,cellarDoorDoubleIron,cellarDoorDoubleSteel,shuttersIronBlockVariantHelper,shuttersSteelBlockVariantHelper,resourceYuccaFibers,resourceCloth,resourceScrapPolymers,resourceNail,glassBulletproofBlockVariantHelper</setattribute>
  <setattribute xpath="/items/item[@name='meleeToolRepairT1ClawHammer']/property[@class='Action1']/property[@name='Allowed_upgrade_items']" name="value">resourceBloodstone,resourceWood,resourceClayLump,resourceSnowBall,resourceScrapIron,resourceForgedIron,resourceForgedSteel,resourceConcreteMix,resourceCobblestones,ironDoorBlockVariantHelper,ironDoorDoubleBlockVariantHelper,vaultDoor01,vaultDoor01Double,ironHatchBlockVariantHelper,vaultHatch01,cellarDoorDoubleIron,cellarDoorDoubleSteel,shuttersIronBlockVariantHelper,shuttersSteelBlockVariantHelper,resourceYuccaFibers,resourceCloth,resourceScrapPolymers,resourceNail,glassBulletproofBlockVariantHelper</setattribute>
  <setattribute xpath="/items/item[@name='meleeToolRepairT3Nailgun']/property[@class='Action1']/property[@name='Allowed_upgrade_items']" name="value">resourceBloodstone,resourceWood,resourceClayLump,resourceSnowBall,resourceScrapIron,resourceForgedIron,resourceForgedSteel,resourceConcreteMix,resourceCobblestones,ironDoorBlockVariantHelper,ironDoorDoubleBlockVariantHelper,vaultDoor01,vaultDoor01Double,ironHatchBlockVariantHelper,vaultHatch01,cellarDoorDoubleIron,cellarDoorDoubleSteel,shuttersIronBlockVariantHelper,shuttersSteelBlockVariantHelper,resourceYuccaFibers,resourceCloth,resourceScrapPolymers,resourceNail,glassBulletproofBlockVariantHelper</setattribute>
  
  <!-- Add bloodstone axe -->
  <append xpath="/items">

    <item name="meleeToolBloodstoneAxe">
      <property name="Extends" value="meleeToolAxeT1IronFireaxe"/>
      <property name="CustomIcon" value="meleeToolBloodstoneAxe"/>
      <property name="TintColor" value="157, 57, 57"/>
      <property name="Meshfile" value="@:Other/Items/Weapons/Melee/Axe/steelAxePrefab.prefab"/>
      <property name="EconomicValue" value="2500"/>
      <property name="TraderStageTemplate" value="baseTier2"/>
      <!-- meleeToolAxeT2SteelAxe -->
      <property name="UnlockedBy" value="craftingHarvestingTools"/>
      <!-- meleeToolSteelSetSchematic, -->
      <property name="Material" value="MmeleeToolAllSteel"/>
      <property name="Weight" value="1"/>
      <property name="ScrapTimeOverride" value="10.0"/>
      <property name="SoundUnholster" value="weapon_unholster"/>
      <property name="SoundHolster" value="weapon_holster"/>
      <property name="SoundPickup" value="axe_steel_grab"/>
      <property name="SoundPlace" value="axe_steel_place"/>
      <property class="Action0">
        <property name="Sound_start" value="axe_steel_swinglight"/>
      </property>
      <property class="Action1">
        <property name="Sound_start" value="axe_steel_swingheavy"/>
      </property>
      <effect_group name="meleeToolAxeT2SteelAxe">
        <passive_effect name="AttacksPerMinute" operation="base_set" value="55" tags="perkMiner69r,axe"/>
        <passive_effect name="StaminaLoss" operation="base_set" value="26.4" tags="primary"/>
        <passive_effect name="DegradationMax" operation="base_set" value="1000,2000" tier="1,6" tags="perkMiner69r"/>
        <passive_effect name="DegradationPerUse" operation="base_set" value="1" tags="perkMiner69r"/>
        <passive_effect name="MaxRange" operation="base_set" value="2.6" tags="perkMiner69r"/>
        <passive_effect name="BlockRange" operation="base_set" value="3.5" tags="perkMiner69r"/>
        <passive_effect name="ModSlots" operation="base_set" value="3,3,3,4,4,4" tier="1,2,3,4,5,6"/>
        <passive_effect name="ModPowerBonus" operation="perc_add" value=".10" tags="EntityDamage,BlockDamage"/>
        <passive_effect name="ModPowerBonus" operation="base_add" value="300" tags="EconomicValue"/>
        <passive_effect name="EntityDamage" operation="base_set" value="29" tags="perkMiner69r"/>
        <passive_effect name="EntityDamage" operation="perc_add" value="-.04,.04" tags="perkMiner69r"/>
        <!-- random EntityDmg -->
        <passive_effect name="EntityDamage" operation="perc_add" value=".1,.5" tier="2,6" tags="perkMiner69r"/>
        <!-- tier bonus -->
        <passive_effect name="BlockDamage" operation="base_set" value="133.5" tags="perkMiner69r"/>
        <passive_effect name="BlockDamage" operation="perc_add" value="-.04,.04" tags="perkMiner69r"/>
        <!-- random BlockDmg -->
        <passive_effect name="BlockDamage" operation="perc_add" value=".15,.75" tier="2,6" tags="perkMiner69r"/>
        <!-- tier bonus -->
        <!-- <passive_effect name="DegradationMax" operation="perc_add" value="-.08,.08" tier="1,6" tags="perkMiner69r"/> -->
        <!-- random DegMax -->
        <passive_effect name="PlayerExpGain" operation="perc_add" value="-.1" tags="Harvesting"/>
        <!-- <passive_effect name="AttacksPerMinute" operation="perc_add" value="-.05,.05" tags="perkMiner69r"/> -->
        <!-- random APM -->
        <!-- <passive_effect name="StaminaLoss" operation="perc_add" value="-.05,.05"/> -->
        <!-- random StamLoss -->
        <passive_effect name="HarvestCount" operation="base_set" value=".7" tags="butcherHarvest"/>
        <passive_effect name="DamageModifier" operation="perc_add" value="-.8" tags="earth"/>
        <passive_effect name="DamageModifier" operation="perc_add" value="-.75" tags="stone"/>
        <passive_effect name="DamageModifier" operation="perc_add" value="-.75" tags="metal"/>
      </effect_group>
      <effect_group name="Power Attack">
        <passive_effect name="EntityDamage" operation="perc_add" value="1.25" tags="secondary"/>
        <passive_effect name="BlockDamage" operation="perc_add" value="1.875" tags="secondary"/>
        <!-- <passive_effect name="AttacksPerMinute" operation="perc_add" value="-.3" tags="secondary"/> -->
        <passive_effect name="StaminaLoss" operation="base_set" value="52.7" tags="secondary"/>
      </effect_group>
    </item>

  </append>
  
  <!-- Add bloodstone bomb -->
  <append xpath="/items">

    <item name="thrownBloodstoneBomb">
      <property name="Tags" value="ammo,weapon,attPerception,perkDemolitionsExpert,explosivesSkill"/>
      <property name="ItemTypeIcon" value="explosion"/>
      <property name="DisplayType" value="ammoGrenade"/>
      
      <property name="CustomIcon" value="thrownBloodstoneBomb"/>
      <property name="TintColor" value="157, 57, 57"/>
      
      <property name="Class" value="ItemClassTimeBomb"/>
      <property name="HoldType" value="66"/>
      <property name="Meshfile" value="@:Other/Items/Weapons/Ranged/Dynamite/dynamitePrefab.prefab"/>
      <property name="DropScale" value="8"/>
      <property name="Material" value="MDynamite"/>
      <property name="Stacknumber" value="10"/>
      <property name="EconomicValue" value="100"/>
      <property name="TraderStageTemplate" value="baseTier2"/>
      <!-- thrownDynamite -->
      <property name="Weight" value="0"/>
      <property name="ActivationTransformToHide" value="Sparks"/>
      <property name="Explosion.BlockDamage" value="9000"/>
      <property name="Explosion.EntityDamage" value="1650"/>
      <property name="Explosion.ParticleIndex" value="22"/>
      <property name="Explosion.RadiusBlocks" value="10"/>
      <property name="Explosion.RadiusEntities" value="24"/>
      <!--<property name="Explosion.DamageBonus.stone" value="0"/><property name="Explosion.DamageBonus.metal" value="0"/><property name="Explosion.DamageBonus.earth" value="0"/><property name="Explosion.DamageBonus.cloth" value="5"/><property name="Explosion.DamageBonus.wood" value="0"/><property name="Explosion.DamageBonus.water" value="0"/>-->
      <property name="FuseTime" value="6"/>
      <!-- End: Needed for time in sec, max 6 -->
      <property name="StickPercent" value=".4"/>
      <property name="UnlockedBy" value="craftingExplosives"/>
      <!-- perkDemolitionsExpert,thrownDynamiteSchematic, -->
      <property name="Group" value="Ammo/Weapons,Ammo"/>
      <property name="SoundPickup" value="dynamite_grab"/>
      <property name="SoundPlace" value="dynamite_place"/>
      <property class="Action0">
        <property name="Class" value="ThrowAway"/>
        <property name="Delay" value="1.2"/>
        <!-- obsolete if rounds per minute exists -->
        <property name="Throw_strength_default" value="12"/>
        <property name="Throw_strength_max" value="56"/>
        <property name="Max_strain_time" value="2.5"/>
        <property name="Sound_start" value="swoosh"/>
        <property name="triggerEffectTriggerPullDualsense" value="RifleTrigger"/>
        <property name="triggerEffectTriggerPullXbox" value="PistolTrigger"/>
        <property name="triggerEffectTriggerShootDualsense" value="MGShoot"/>
        <property name="triggerEffectTriggerShootXbox" value="PistolShoot"/>
      </property>
      <property class="Action1">
        <!-- UseAction -->
        <property name="Class" value="Activate"/>
        <requirement name="CVarCompare" cvar="_underwater" operation="LT" value="1"/>
        <property name="Delay" value="1"/>
        <!-- obsolete if rounds per minute exists -->
      </property>
      <property name="ThrowableDecoy" value="true"/>
      <effect_group tiered="false">
        <display_value name="dExRadius" value="4.5"/>
        <display_value name="dExBlockDamage" value="9000"/>
        <display_value name="dExEntityDamage" value="1650"/>
        <display_value name="dFuseTime" value="6"/>
        <triggered_effect trigger="onSelfWaterSubmerge" action="ResetHeldItem"/>
      </effect_group>
    </item>

  </append>
  
  <!-- Add bloodstone charge -->
  <append xpath="/items">

    <item name="thrownBloodstoneCharge">
      <property name="Tags" value="ammo,weapon,attPerception,perkDemolitionsExpert,explosivesSkill,perkGreatHeistSafes"/>
      <property name="ItemTypeIcon" value="explosion"/>
      <property name="DisplayType" value="ammoGrenadeTimedCharge"/>

      <property name="CustomIcon" value="thrownBloodstoneCharge"/>
      <property name="TintColor" value="157, 57, 57"/>
      
      <property name="Class" value="ItemClassTimeBomb"/>
      <property name="HoldType" value="62"/>
      <property name="Meshfile" value="@:Other/Items/Weapons/Ranged/TimedCharge/timedChargePrefab.prefab"/>
      <property name="ActivationTransformToHide" value="Armed"/>
      <property name="DropScale" value="6"/>
      <property name="Material" value="Mmetal"/>
      <property name="Stacknumber" value="10"/>
      <property name="EconomicValue" value="5000"/>
      <property name="TraderStageTemplate" value="baseTier2"/>
      <!-- thrownTimedCharge -->
      <property name="Weight" value="0"/>
      <property name="Explosion.BlockDamage" value="220"/>
      <property name="Explosion.EntityDamage" value="1600"/>
      <property name="Explosion.BlockTags" value="door,safes,timecharge"/>
      <property name="Explosion.DamageBonus.tags" value="76"/>
      <property name="Explosion.ParticleIndex" value="21"/>
      <property name="Explosion.RadiusBlocks" value=".975"/>
      <property name="Explosion.RadiusEntities" value="2.4"/>
      <property name="Explosion.DamageBonus.stone" value="2"/>
      <property name="Explosion.DamageBonus.metal" value="2"/>
      <property name="Explosion.DamageBonus.earth" value="2"/>
      <!-- should work? -->
      <property name="Explosion.DamageBonus.wood" value="2"/>
      <property name="Explosion.DamageBonus.water" value="0"/>
      <property name="Explosion.BlastPower" value="150"/>
      <!-- (int,100) how far ragdolls and such are flung -->
      <property name="FusePrimeOnActivate" value="true"/>
      <property name="FuseTime" value="6"/>
      <!-- End: Needed for time in sec, max 6 -->
      <property name="StickPercent" value="2"/>
      <property name="UnlockedBy" value="craftingExplosives"/>
      <!-- perkDemolitionsExpert,bookGreatHeistGoldRush, -->
      <property name="Group" value="Ammo/Weapons,Ammo"/>
      <property name="SoundUnholster" value="charge_unholster"/>
      <property name="SoundStick" value="charge_stick"/>
      <property name="SoundTick" value="charge_beep,.8"/>
      <property name="SoundPickup" value="timedcharge_grab"/>
      <property name="SoundPlace" value="timedcharge_place"/>
      <property class="Action0">
        <property name="Class" value="ThrowAway"/>
        <property name="Delay" value="1.2"/>
        <property name="Throw_strength_default" value="30"/>
        <property name="Max_strain_time" value="0"/>
        <property name="Sound_start" value="charge_throw"/>
        <property name="triggerEffectTriggerPullDualsense" value="ShotgunTrigger"/>
        <property name="triggerEffectTriggerPullXbox" value="ShotgunTrigger"/>
        <property name="triggerEffectShootDualsense" value="ShotgunShoot"/>
        <property name="triggerEffectShootXbox" value="PistolShoot"/>
      </property>
      <property class="Action1">
        <!-- UseAction -->
        <property name="Class" value="Activate"/>
        <property name="Delay" value="1"/>
        <!-- obsolete if rounds per minute exists -->
        <requirement name="CVarCompare" cvar="_underwater" operation="LT" value="1"/>
      </property>
      <property name="ThrowableDecoy" value="true"/>
      <effect_group tiered="false">
        <display_value name="dExRadius" value="2"/>
        <display_value name="dExBlockDamage" value="6000"/>
        <display_value name="dExEntityDamage" value="1600"/>
        <display_value name="dFuseTime" value="6"/>
      </effect_group>
    </item>
    
  </append>

  <!-- Add bloodstone knife -->
  <append xpath="/items">

    <item name="meleeWpnBloodstoneKnife">
      <property name="Tags" value="knife,melee,grunting,light,perkFlurryOfAgility,weapon,meleeWeapon,attAgility,perkDeepCuts,perkTheHuntsman,canHaveCosmetic,bladeSkill,corpseRemoval"/>
      <property name="DisplayType" value="meleeKnife"/>

      <property name="CustomIcon" value="meleeWpnBloodstoneKnife"/>
      <property name="TintColor" value="157, 57, 57"/>

      <property name="HoldType" value="36"/>
      <property name="Meshfile" value="@:Other/Items/Weapons/Melee/Knives/hunting_knifePrefab.prefab"/>
      <property name="Material" value="Mmetal"/>
      <property name="ScrapTimeOverride" value="10.0"/>
      <property name="RepairTools" value="resourceRepairKit"/>
      <property name="DegradationBreaksAfter" value="false"/>
      <property name="EconomicValue" value="2500"/>
      <property name="TraderStageTemplate" value="baseTier1"/>
      <!-- meleeWpnBladeT1HuntingKnife -->
      <property name="SoundJammed" value="ItemNeedsRepair"/>
      <property name="SoundDestroy" value="wooddestroy1"/>
      <property name="UnlockedBy" value="craftingBlades"/>
      <!-- perkDeepCuts,meleeWpnBladeT1HuntingKnifeSchematic, -->
      <property name="ShowQuality" value="true"/>
      <property name="Group" value="Ammo/Weapons,Melee Weapons"/>
      <property name="RepairExpMultiplier" value="5.5"/>
      <property name="SoundUnholster" value="weapon_unholster"/>
      <property name="SoundHolster" value="weapon_holster"/>
      <property name="SoundPickup" value="knife_hunting_grab"/>
      <property name="SoundPlace" value="knife_hunting_place"/>

      <property class="Action0">
        <property name="Class" value="DynamicMelee"/>
        <property name="Damage_type" value="Piercing"/>
        <property name="Sphere" value=".1"/>
        <property name="Sound_start" value="knife_metal_swinglight"/>
        <property name="ToolCategory.harvestingTools" value=".5" param1="1"/>
        <property name="ToolCategory.Butcher" value="0" param1="5"/>
        <property name="UseGrazingHits" value="false"/>
        <property name="GrazeStart" value=".25"/>
        <property name="GrazeEnd" value=".35"/>
        <property name="SwingDegrees" value="90"/>
        <property name="SwingAngle" value="90"/>
        <property class="HitSounds">
          <property name="Override0" value="organic" param1="metalstaborganic"/>
        </property>
        <property class="GrazeSounds">
          <property name="Override0" value="organic" param1="metalgrazeorganic"/>
        </property>
      </property>
      <property class="Action1">
        <property name="Class" value="DynamicMelee"/>
        <property name="Damage_type" value="Piercing"/>
        <property name="Sphere" value=".1"/>
        <property name="Sound_start" value="knife_metal_swingheavy"/>
        <property name="ToolCategory.harvestingTools" value=".5" param1="1"/>
        <property name="ToolCategory.Butcher" value="0" param1="5"/>
        <property name="UsePowerAttackAnimation" value="true"/>
        <property name="UseGrazingHits" value="false"/>
        <property name="GrazeStart" value=".2"/>
        <property name="GrazeEnd" value=".3"/>
        <property name="SwingDegrees" value="80"/>
        <property name="SwingAngle" value="140"/>
        <property class="HitSounds">
          <property name="Override0" value="organic" param1="metalstaborganic"/>
        </property>
        <property class="GrazeSounds">
          <property name="Override0" value="organic" param1="metalgrazeorganic"/>
        </property>
      </property>
      <effect_group name="meleeWpnBloodstoneKnife">
        <passive_effect name="AttacksPerMinute" operation="base_set" value="120" tags="perkDeepCuts,perkFlurryOfAgility"/>
        <passive_effect name="StaminaLoss" operation="base_set" value="10.5" tags="primary"/>
        <passive_effect name="DegradationMax" operation="base_set" value="500,1000" tier="1,6" tags="perkDeepCuts"/>
        <passive_effect name="DegradationPerUse" operation="base_set" value="1" tags="perkDeepCuts"/>
        <passive_effect name="MaxRange" operation="base_set" value="2.0" tags="perkDeepCuts"/>
        <passive_effect name="BlockRange" operation="base_set" value="2.5" tags="perkDeepCuts"/>
        <passive_effect name="ModSlots" operation="base_set" value="2,2,2,3,3,4" tier="1,2,3,4,5,6"/>
        <passive_effect name="ModPowerBonus" operation="perc_add" value=".10" tags="EntityDamage,BlockDamage"/>
        <passive_effect name="ModPowerBonus" operation="base_add" value="300" tags="EconomicValue"/>
        <passive_effect name="EntityDamage" operation="base_set" value="24" tags="perkDeepCuts,knife"/>
        <!-- meleeWpnBladeT1HuntingKnife -->
        <passive_effect name="EntityDamage" operation="perc_add" value="-.04,.04" tags="perkDeepCuts"/>
        <!-- random EntityDmg -->
        <passive_effect name="EntityDamage" operation="perc_add" value=".1,.5" tier="2,6" tags="perkDeepCuts"/>
        <!-- tier bonus -->
        <passive_effect name="BlockDamage" operation="base_set" value="6.5" tags="perkDeepCuts"/>
        <passive_effect name="BlockDamage" operation="perc_add" value="-.04,.04" tags="perkDeepCuts"/>
        <!-- random BlockDmg -->
        <passive_effect name="BlockDamage" operation="perc_add" value=".1,.5" tier="2,6" tags="perkDeepCuts"/>
        <!-- tier bonus -->
        <passive_effect name="DamageModifier" operation="perc_add" value="-.8" tags="earth"/>
        <passive_effect name="DamageModifier" operation="perc_add" value="-.8" tags="stone"/>
        <passive_effect name="DamageModifier" operation="perc_add" value="-.8" tags="metal"/>
        <passive_effect name="DamageModifier" operation="perc_add" value=".6" tags="organic"/>
        <!-- <passive_effect name="DamageModifier" operation="perc_add" value="0" tags="organic"/> affects organic block harvesting based on block.material.damage_category, not animal corpse harvesting -->
        <passive_effect name="HarvestCount" operation="base_set" value="1" tags="butcherHarvest"/>
        <!--<passive_effect name="BlockDamage" operation="perc_add" value="6" tags="blockButcher"/>-->
      </effect_group>
      <effect_group name="Power Attack">
        <passive_effect name="EntityDamage" operation="base_add" value="6" tags="secondary"/>
        <passive_effect name="EntityDamage" operation="perc_add" value="1" tags="secondary"/>
        <passive_effect name="BlockDamage" operation="perc_add" value="1" tags="secondary"/>
        <passive_effect name="AttacksPerMinute" operation="base_add" value="-60" tags="secondary"/>
        <passive_effect name="StaminaLoss" operation="base_set" value="13.5" tags="secondary"/>
      </effect_group>
      <effect_group name="sneak damage bonus">
        <requirement name="CVarCompare" cvar="_crouching" operation="Equals" value="1"/>
        <requirement name="CVarCompare" cvar="_notAlerted" operation="GT" value="0" target="other"/>
        <passive_effect name="DamageBonus" operation="base_add" value="4"/>
        <passive_effect name="EntityDamage" operation="perc_add" value="4" tags="perkDeepCuts"/>
        <display_value name="dEntityDamageSneak" value="4"/>
      </effect_group>
    </item>

  </append>
  
  <!-- Add bloodstone pickaxe -->
  <append xpath="/items">

    <item name="meleeToolBloodstonePick">
      <property name="Extends" value="meleeToolPickT1IronPickaxe"/>
      <property name="DisplayType" value="melee"/>
      <property name="CustomIcon" value="meleeToolBloodstonePick"/>
      <property name="TintColor" value="157, 57, 57"/>
      <property name="HoldType" value="4"/>
      <property name="Meshfile" value="@:Other/Items/Tools/pickaxe_steelPrefab.prefab"/>
      <property name="Weight" value="1"/>
      <property name="ScrapTimeOverride" value="10.0"/>
      <property name="RepairTools" value="resourceRepairKit"/>
      <property name="EconomicValue" value="2500"/>
      <property name="TraderStageTemplate" value="baseTier2"/>
      <!-- meleeToolPickT2SteelPickaxe -->
      <property name="Material" value="MmeleeToolAllSteel"/>
      <property name="UnlockedBy" value="craftingHarvestingTools"/>
      <!-- meleeToolSteelSetSchematic, -->
      <property name="Group" value="Tools/Traps"/>
      <property name="SoundUnholster" value="weapon_unholster"/>
      <property name="SoundHolster" value="weapon_holster"/>

      <property class="Action0">
        <property name="GrazeStart" value=".5"/>
        <property name="GrazeEnd" value=".6"/>
        <property name="SwingDegrees" value="65"/>
        <property name="SwingAngle" value="180"/>
        <property name="UseGrazingHits" value="true"/>
      </property>
      
      <property class="Action1">
        <property name="UsePowerAttackAnimation" value="true"/>
        <property name="UseGrazingHits" value="true"/>
        <property name="GrazeStart" value=".4"/>
        <property name="GrazeEnd" value=".48"/>
        <property name="SwingDegrees" value="110"/>
        <property name="SwingAngle" value="90"/>
      </property>
      
      <effect_group name="meleeToolBloodstonePick">
        <passive_effect name="AttacksPerMinute" operation="base_set" value="55" tags="perkMiner69r"/>
        <passive_effect name="StaminaLoss" operation="base_set" value="26.4" tags="primary"/>
        <passive_effect name="DegradationMax" operation="base_set" value="1000,5000" tier="1,6" tags="perkMiner69r"/>
        <passive_effect name="DegradationPerUse" operation="base_set" value="1" tags="perkMiner69r"/>
        <passive_effect name="MaxRange" operation="base_set" value="2.6" tags="perkMiner69r"/>
        <passive_effect name="BlockRange" operation="base_set" value="3.5" tags="perkMiner69r"/>
        <passive_effect name="ModSlots" operation="base_set" value="3,3,3,4,4,4" tier="1,2,3,4,5,6"/>
        <passive_effect name="ModPowerBonus" operation="perc_add" value=".10" tags="EntityDamage,BlockDamage"/>
        <passive_effect name="ModPowerBonus" operation="base_add" value="300" tags="EconomicValue"/>
        <passive_effect name="EntityDamage" operation="base_set" value="23.2" tags="perkMiner69r"/>
        <passive_effect name="EntityDamage" operation="perc_add" value="-.04,.04" tags="perkMiner69r"/>
        <!-- random EntityDmg -->
        <passive_effect name="EntityDamage" operation="perc_add" value=".1,.5" tier="2,6" tags="perkMiner69r"/>
        <!-- tier bonus -->
        <passive_effect name="BlockDamage" operation="base_set" value="127.5" tags="perkMiner69r,miningTool"/>
        <passive_effect name="BlockDamage" operation="perc_add" value="-.04,.04" tags="perkMiner69r"/>
        <!-- random BlockDmg -->
        <passive_effect name="BlockDamage" operation="perc_add" value=".15,.75" tier="2,6" tags="perkMiner69r"/>
        <!-- tier bonus -->
        <passive_effect name="PlayerExpGain" operation="perc_add" value="-.1" tags="Harvesting"/>
        <!-- <passive_effect name="DegradationMax" operation="perc_add" value="-.08,.08" tier="1,6" tags="perkMiner69r"/> -->
        <!-- random DegMax -->
        <!-- <passive_effect name="AttacksPerMinute" operation="perc_add" value="-.05,.05" tags="perkMiner69r"/> -->
        <!-- random APM -->
        <!-- <passive_effect name="StaminaLoss" operation="perc_add" value="-.05,.05"/> -->
        <!-- random StamLoss -->
        <passive_effect name="DamageModifier" operation="perc_add" value="-.8" tags="wood"/>
        <passive_effect name="DamageModifier" operation="perc_add" value="-.8" tags="earth"/>
        <passive_effect name="DamageModifier" operation="perc_add" value=".8" tags="stone"/>
        <passive_effect name="DamageModifier" operation="perc_add" value=".8" tags="terrGravel"/>
      </effect_group>
      
      <effect_group name="Power Attack">
        <passive_effect name="EntityDamage" operation="perc_add" value="1.75" tags="secondary"/>
        <passive_effect name="BlockDamage" operation="perc_add" value="1.875" tags="secondary"/>
        <!-- <passive_effect name="AttacksPerMinute" operation="perc_add" value="-.3" tags="secondary"/> -->
        <passive_effect name="StaminaLoss" operation="base_set" value="52.7" tags="secondary"/>
      </effect_group>
      
    </item>

  </append>

  <!-- Add bloodstone pickaxe axe -->
  <append xpath="/items">

    <item name="meleeToolBloodstonePickaxeAxe">
      <property name="Extends" value="meleeToolPickT1IronPickaxe"/>
      <property name="DisplayType" value="melee"/>
      <property name="CustomIcon" value="meleeToolBloodstonePickaxeAxe"/>
      <property name="TintColor" value="255, 25, 25"/>
      <property name="HoldType" value="4"/>
      <property name="Meshfile" value="@:Other/Items/Tools/pickaxe_steelPrefab.prefab"/>
      <property name="Weight" value="1"/>
      <property name="ScrapTimeOverride" value="10.0"/>
      <property name="RepairTools" value="resourceRepairKit"/>
      <property name="EconomicValue" value="10000"/>
      <property name="TraderStageTemplate" value="baseTier2"/>
      <!-- meleeToolPickT2SteelPickaxe -->
      <property name="Material" value="MmeleeToolAllSteel"/>
      <property name="UnlockedBy" value="craftingHarvestingTools"/>
      <!-- meleeToolSteelSetSchematic, -->
      <property name="Group" value="Tools/Traps"/>
      <property name="SoundUnholster" value="weapon_unholster"/>
      <property name="SoundHolster" value="weapon_holster"/>

      <property class="Action0">
        <property name="GrazeStart" value=".5"/>
        <property name="GrazeEnd" value=".6"/>
        <property name="SwingDegrees" value="65"/>
        <property name="SwingAngle" value="180"/>
        <property name="UseGrazingHits" value="true"/>
      </property>

      <property class="Action1">
        <property name="UsePowerAttackAnimation" value="true"/>
        <property name="UseGrazingHits" value="true"/>
        <property name="GrazeStart" value=".4"/>
        <property name="GrazeEnd" value=".48"/>
        <property name="SwingDegrees" value="110"/>
        <property name="SwingAngle" value="90"/>
      </property>

      <effect_group name="meleeToolBloodstonePickaxeAxe">
        <passive_effect name="AttacksPerMinute" operation="base_set" value="55" tags="perkMiner69r"/>
        <passive_effect name="StaminaLoss" operation="base_set" value="26.4" tags="primary"/>
        <passive_effect name="DegradationMax" operation="base_set" value="1000,5000" tier="1,6" tags="perkMiner69r"/>
        <passive_effect name="DegradationPerUse" operation="base_set" value="1" tags="perkMiner69r"/>
        <passive_effect name="MaxRange" operation="base_set" value="2.6" tags="perkMiner69r"/>
        <passive_effect name="BlockRange" operation="base_set" value="3.5" tags="perkMiner69r"/>
        <passive_effect name="ModSlots" operation="base_set" value="3,3,3,4,4,4" tier="1,2,3,4,5,6"/>
        <passive_effect name="ModPowerBonus" operation="perc_add" value=".10" tags="EntityDamage,BlockDamage"/>
        <passive_effect name="ModPowerBonus" operation="base_add" value="300" tags="EconomicValue"/>
        <passive_effect name="EntityDamage" operation="base_set" value="23.2" tags="perkMiner69r"/>
        <passive_effect name="EntityDamage" operation="perc_add" value="-.04,.04" tags="perkMiner69r"/>
        <!-- random EntityDmg -->
        <passive_effect name="EntityDamage" operation="perc_add" value=".1,.5" tier="2,6" tags="perkMiner69r"/>
        <!-- tier bonus -->
        <passive_effect name="BlockDamage" operation="base_set" value="127.5" tags="perkMiner69r,miningTool"/>
        <passive_effect name="BlockDamage" operation="perc_add" value="-.04,.04" tags="perkMiner69r"/>
        <!-- random BlockDmg -->
        <passive_effect name="BlockDamage" operation="perc_add" value=".15,.75" tier="2,6" tags="perkMiner69r"/>
        <!-- tier bonus -->
        <passive_effect name="PlayerExpGain" operation="perc_add" value="-.1" tags="Harvesting"/>
        <!-- <passive_effect name="DegradationMax" operation="perc_add" value="-.08,.08" tier="1,6" tags="perkMiner69r"/> -->
        <!-- random DegMax -->
        <!-- <passive_effect name="AttacksPerMinute" operation="perc_add" value="-.05,.05" tags="perkMiner69r"/> -->
        <!-- random APM -->
        <!-- <passive_effect name="StaminaLoss" operation="perc_add" value="-.05,.05"/> -->
        <!-- random StamLoss -->
        <passive_effect name="DamageModifier" operation="perc_add" value=".8" tags="wood"/>
        <passive_effect name="DamageModifier" operation="perc_add" value=".8" tags="earth"/>
        <passive_effect name="DamageModifier" operation="perc_add" value=".8" tags="stone"/>
        <passive_effect name="DamageModifier" operation="perc_add" value=".8" tags="terrGravel"/>
        <passive_effect name="DamageModifier" operation="perc_add" value=".8" tags="metal"/>
      </effect_group>

      <effect_group name="Power Attack">
        <passive_effect name="EntityDamage" operation="perc_add" value="1.75" tags="secondary"/>
        <passive_effect name="BlockDamage" operation="perc_add" value="1.875" tags="secondary"/>
        <!-- <passive_effect name="AttacksPerMinute" operation="perc_add" value="-.3" tags="secondary"/> -->
        <passive_effect name="StaminaLoss" operation="base_set" value="52.7" tags="secondary"/>
      </effect_group>

    </item>

  </append>
  
  <!-- Add bloodstone shovel -->
  <append xpath="/items">

    <item name="meleeToolBloodstoneShovel">
      <property name="Extends" value="meleeToolShovelT1IronShovel"/>
      <property name="Tags" value="melee,grunting,medium,tool,longShaft,shovel,attStrength,perkMiner69r,perkMotherLode,canHaveCosmetic,harvestingSkill"/>
      <property name="Meshfile" value="@:Other/Items/Tools/shovel_steelPrefab.prefab"/>
      <property name="CustomIcon" value="meleeToolBloodstoneShovel"/>
      <property name="TintColor" value="157, 57, 57"/>
      <property name="Weight" value="1"/>
      <property name="ScrapTimeOverride" value="10.0"/>
      <property name="RepairTools" value="resourceRepairKit"/>
      <property name="EconomicValue" value="2500"/>
      <property name="TraderStageTemplate" value="baseTier2"/>
      <!-- meleeToolShovelT2SteelShovel -->
      <property name="Material" value="MmeleeToolAllSteel"/>
      <property name="UnlockedBy" value="craftingHarvestingTools"/>
      <!-- meleeToolSteelSetSchematic, -->
      <property name="SoundUnholster" value="weapon_unholster"/>
      <property name="SoundHolster" value="weapon_holster"/>

      <property class="Action0">
        <property name="Class" value="DynamicMelee"/>
        <property name="Sphere" value=".15"/>
        <!-- limit to 0.15, else the sphere cast can overlap the target already -->
        <property name="Sound_start" value="shovel_metal_swinglight"/>
        <property name="ToolCategory.harvestingTools" value="1" param1="1"/>
      </property>
      
      <property class="Action1">
        <property name="Class" value="DynamicMelee"/>
        <property name="Sphere" value=".15"/>
        <!-- limit to 0.15, else the sphere cast can overlap the target already -->
        <property name="Sound_start" value="shovel_metal_swinglight"/>
        <property name="ToolCategory.harvestingTools" value="1" param1="1"/>
        <property name="UsePowerAttackAnimation" value="true"/>
      </property>

      <effect_group name="meleeToolBloodstoneShovel">
        <passive_effect name="AttacksPerMinute" operation="base_set" value="50" tags="perkMiner69r"/>
        <passive_effect name="StaminaLoss" operation="base_set" value="24.7" tags="primary"/>
        <passive_effect name="DegradationMax" operation="base_set" value="1000,5000" tier="1,6" tags="perkMiner69r"/>
        <passive_effect name="DegradationPerUse" operation="base_set" value="1" tags="perkMiner69r"/>
        <passive_effect name="MaxRange" operation="base_set" value="2.6" tags="perkMiner69r"/>
        <passive_effect name="BlockRange" operation="base_set" value="3.5" tags="perkMiner69r"/>
        <passive_effect name="ModSlots" operation="base_set" value="3,3,3,4,4,4" tier="1,2,3,4,5,6"/>
        <passive_effect name="ModPowerBonus" operation="perc_add" value=".10" tags="EntityDamage,BlockDamage"/>
        <passive_effect name="ModPowerBonus" operation="base_add" value="300" tags="EconomicValue"/>
        <passive_effect name="EntityDamage" operation="base_set" value="25" tags="perkMiner69r"/>
        <passive_effect name="EntityDamage" operation="perc_add" value="-.04,.04" tags="perkMiner69r"/>
        <!-- random EntityDmg -->
        <passive_effect name="EntityDamage" operation="perc_add" value=".1,.5" tier="2,6" tags="perkMiner69r"/>
        <!-- tier bonus -->
        <passive_effect name="BlockDamage" operation="base_set" value="150" tags="perkMiner69r"/>
        <passive_effect name="BlockDamage" operation="perc_add" value="-.04,.04" tags="perkMiner69r"/>
        <!-- random BlockDmg -->
        <passive_effect name="BlockDamage" operation="perc_add" value=".1,.5" tier="2,6" tags="perkMiner69r"/>
        <!-- tier bonus -->
        <passive_effect name="PlayerExpGain" operation="perc_add" value="-.1" tags="Harvesting"/>
        <!-- <passive_effect name="DegradationMax" operation="perc_add" value="-.08,.08" tier="1,6" tags="perkMiner69r"/> -->
        <!-- random DegMax -->
        <!-- <passive_effect name="AttacksPerMinute" operation="perc_add" value="-.05,.05" tags="perkMiner69r"/> -->
        <!-- random APM -->
        <!-- <passive_effect name="StaminaLoss" operation="perc_add" value="-.05,.05"/> -->
        <!-- random StamLoss -->
        <passive_effect name="DamageModifier" operation="perc_add" value="-.7" tags="wood"/>
        <passive_effect name="DamageModifier" operation="perc_add" value="-.8" tags="stone"/>
        <passive_effect name="DamageModifier" operation="perc_add" value="-.8" tags="metal"/>
      </effect_group>
      <effect_group name="Power Attack">
        <passive_effect name="EntityDamage" operation="perc_add" value="1.25" tags="secondary"/>
        <passive_effect name="BlockDamage" operation="perc_add" value="1.875" tags="secondary"/>
        <!-- <passive_effect name="AttacksPerMinute" operation="perc_add" value="-.3" tags="secondary"/> -->
        <passive_effect name="StaminaLoss" operation="base_set" value="49.3" tags="secondary"/>
      </effect_group>
    </item>

  </append>
  
  <!-- Add bloodstone vitamins -->
  <append xpath="/items">

    <item name="drugBloodstoneVitamins">
      <property name="Tags" value="medical,medicalSkill,fitness"/>
      <property name="DisplayType" value="medicalVitamins"/>
      <property name="CustomIcon" value="drugBloodstoneVitamins"/>
      <property name="TintColor" value="157, 57, 57"/>
      <property name="HoldType" value="16"/>
      <property name="Meshfile" value="@:Other/Items/Health/painkillersPrefab.prefab"/>
      <property name="DropMeshfile" value="@:Other/Items/Misc/sack_droppedPrefab.prefab"/>
      <property name="Material" value="Morganic"/>
      <property name="EconomicValue" value="150"/>
      <property name="Stacknumber" value="10"/>
      <!-- STK loot -->
      <property name="Group" value="Science,CFChemicals,Medical,TCMedical"/>
      <property name="SoundPickup" value="drug_antibiotics_grab"/>
      <property name="SoundPlace" value="drug_antibiotics_place"/>
      <property class="Action0">
        <property name="Class" value="Eat"/>
        <property name="Delay" value="1.0"/>
        <property name="Sound_start" value="player_painkillers"/>
      </property>
      <effect_group tiered="false">
        <triggered_effect trigger="onSelfPrimaryActionEnd" action="RemoveBuff" buff="buffFatiguedTrigger"/>
        <display_value name="dStopsWeakness" value="1"/>
        <display_value name="dStopsConcussion" value="1"/>
        <display_value name="dDiseaseResist" value="1"/>
        <display_value name="dStunResist" value="1"/>
        <display_value name="dDuration" value="900"/>
        <triggered_effect trigger="onSelfPrimaryActionEnd" action="ModifyCVar" cvar="$buffDrugPainkillersDuration" operation="add" value="903"/>
        <triggered_effect trigger="onSelfPrimaryActionEnd" action="ModifyCVar" cvar="$buffDrugPainkillersDuration" operation="set" value="543">
          <requirement name="CVarCompare" cvar="$buffDrugPainkillersDuration" operation="GT" value="543"/>
        </triggered_effect>
        <triggered_effect trigger="onSelfPrimaryActionEnd" action="AddBuff" buff="buffDrugPainkillers"/>
        <triggered_effect trigger="onSelfPrimaryActionEnd" action="ModifyCVar" cvar="$buffDrugVitaminsDuration" operation="add" value="903"/>
        <triggered_effect trigger="onSelfPrimaryActionEnd" action="ModifyCVar" cvar="$buffDrugVitaminsDuration" operation="set" value="2163">
          <requirement name="CVarCompare" cvar="$buffDrugVitaminsDuration" operation="GT" value="2163"/>
        </triggered_effect>
        <triggered_effect trigger="onSelfPrimaryActionEnd" action="AddBuff" buff="buffDrugVitamins"/>
      </effect_group>

      <effect_group tiered="false">
        <display_value name="dCureInfection" value=".25"/>
        <triggered_effect trigger="onSelfPrimaryActionEnd" action="ModifyCVar" cvar="$buffInfectionAddCurePerc" operation="add" value="25"/>
        <triggered_effect trigger="onSelfPrimaryActionEnd" action="AddBuff" buff="buffInfectionAddCure"/>
      </effect_group>
    </item>

  </append>
  
  <!-- Add can of blood -->
  <append xpath="/items">

    <item name="drinkCanOfBlood">
      <property name="CustomIcon" value="drinkCanOfBlood"/>
      <property name="HoldType" value="14"/>
      <property name="Meshfile" value="@:Other/Items/Food/can_emptyPrefab.prefab"/>
      <property name="DropMeshfile" value="@:Other/Items/Misc/sack_droppedPrefab.prefab"/>
      <property name="Material" value="Mmetal"/>
      <property name="Stacknumber" value="500"/>
      <property name="EconomicValue" value="50"/>
      <property name="Group" value="Resources"/>
    </item>

  </append>

  <!-- Add dragon hand -->
  <append xpath="/items">

    <item name="meleeHandAnimalDragon">
      <property name="Extends" value="meleeHandMaster"/>
      <property name="CreativeMode" value="None"/>
      <property name="Degradation" value="99999" param1="true"/>
      <property class="Action0">
        <property name="Range" value="128"/>
        <property name="DamageEntity" value="20"/>
        <property name="DamageBlock" value="50"/>
      </property>
      <property class="Action1">
        <!-- UseAction -->
        <property name="Class" value="Vomit"/>
        <property name="Hitmask_override" value="Arrow"/>
        <property name="Delay" value=".3"/>
        <!-- obsolete if rounds per minute exists -->
        <property name="Range" value="200"/>
        <property name="Infinite_ammo" value="true"/>
        <property name="Magazine_items" value="ammoProjectileZombieVomit"/>
        <property name="Particles_muzzle_fire" value="vomitMouth"/>
        <property name="Sound_warning" value="hulkvomitwarning"/>
        <property name="Sound_start" value="hulkvomitattack"/>
        <property name="Sound_repeat" value=""/>
        <property name="Sound_end" value=""/>
        <property name="Sound_empty" value=""/>
        <property name="Sound_reload" value=""/>
      </property>
      <effect_group name="meleeHandAnimalDragon" tiered="false">
        <passive_effect name="ModSlots" operation="base_set" value="0"/>
        <!--<passive_effect name="AttacksPerMinute" operation="base_set" value="75"/> A16 .8 -->
        <passive_effect name="DamageFalloffRange" operation="base_set" value="50"/>
        <passive_effect name="MaxRange" operation="base_set" value="128"/>
        <passive_effect name="MagazineSize" operation="base_set" value="4"/>
        <passive_effect name="BurstRoundCount" operation="base_set" value="4"/>
        <passive_effect name="SpreadDegreesVertical" operation="base_set" value="6"/>
        <passive_effect name="SpreadDegreesHorizontal" operation="base_set" value="6"/>
        <passive_effect name="SpreadMultiplierIdle" operation="base_set" value="2"/>
        <triggered_effect trigger="onSelfAttackedOther" action="AddBuff" target="other" fireOneBuff="true"
          buff="buffFatiguedTrigger,buffArmSprainedCHTrigger,buffLegSprainedCHTrigger,buffLaceration,buffAbrasionCatch,buffInjuryStunned01CHTrigger,buffInjuryBleedingTwo"
          weights=".11,.07,.07,.05,.29,.36,.11"/>
        <triggered_effect trigger="onSelfAttackedOther" action="ModifyCVar" target="other" cvar="infectionCounter" operation="add" value="10">
          <!--InfectionRegular-->
          <requirement name="CVarCompare" target="other" cvar="infectionCounter" operation="GT" value="0"/>
        </triggered_effect>
        <triggered_effect trigger="onSelfAttackedOther" action="ModifyCVar" target="other" cvar="abrasionZombieHit" operation="set" value="1800"/>
        <!--AbrasionRegular-->
      </effect_group>
    </item>

  </append>

  <!-- Add schematic for bloodstone arrow head mod -->
  <append xpath="/items">

    <item name="modBloodstoneArrowsSchematic">
      <property name="Extends" value="schematicNoQualityMaster"/>
      <property name="CreativeMode" value="Player"/>
      <property name="CustomIcon" value="modBloodstoneArrows"/>
      <property name="Unlocks" value="modBloodstoneArrows"/>
      <effect_group tiered="false">
        <triggered_effect trigger="onSelfPrimaryActionEnd" action="ModifyCVar" cvar="modBloodstoneArrows" operation="set" value="1"/>
        <triggered_effect trigger="onSelfPrimaryActionEnd" action="GiveExp" exp="500"/>
      </effect_group>
    </item>

  </append>

  <!-- Add schematic for bloodstone bullets mod -->
  <append xpath="/items">

    <item name="modBloodstoneBulletsSchematic">
      <property name="Extends" value="schematicNoQualityMaster"/>
      <property name="CreativeMode" value="Player"/>
      <property name="CustomIcon" value="modBloodstoneBullets"/>
      <property name="Unlocks" value="modBloodstoneBullets"/>
      <effect_group tiered="false">
        <triggered_effect trigger="onSelfPrimaryActionEnd" action="ModifyCVar" cvar="modBloodstoneBullets" operation="set" value="1"/>
        <triggered_effect trigger="onSelfPrimaryActionEnd" action="GiveExp" exp="500"/>
      </effect_group>
    </item>

  </append>

  <!-- Add schematic for bloodstone tip mod -->
  <append xpath="/items">

    <item name="modMeleeBloodstoneTipSchematic">
      <property name="Extends" value="schematicNoQualityMaster"/>
      <property name="CreativeMode" value="Player"/>
      <property name="CustomIcon" value="modMeleeBloodstoneTip"/>
      <property name="Unlocks" value="modMeleeBloodstoneTip"/>
      <effect_group tiered="false">
        <triggered_effect trigger="onSelfPrimaryActionEnd" action="ModifyCVar" cvar="modMeleeBloodstoneTip" operation="set" value="1"/>
        <triggered_effect trigger="onSelfPrimaryActionEnd" action="GiveExp" exp="500"/>
      </effect_group>
    </item>

  </append>
  
  <!-- Add schematic for bloodstone wire mod -->
  <append xpath="/items">

    <item name="modMeleeClubBloodstoneWireSchematic">
      <property name="Extends" value="schematicNoQualityMaster"/>
      <property name="CreativeMode" value="Player"/>
      <property name="CustomIcon" value="modMeleeClubBloodstoneWire"/>
      <property name="Unlocks" value="modMeleeClubBloodstoneWire"/>
      <effect_group tiered="false">
        <triggered_effect trigger="onSelfPrimaryActionEnd" action="ModifyCVar" cvar="modMeleeClubBloodstoneWire" operation="set" value="1"/>
        <triggered_effect trigger="onSelfPrimaryActionEnd" action="GiveExp" exp="500"/>
      </effect_group>
    </item>

  </append>

  <!-- Add suspicious koolaid -->
  <append xpath="/items">

    <item name="drinkSuspiciousKoolaid">
      <property name="Tags" value="drinks,fitness"/>
      <property name="HoldType" value="3"/>
      <property name="DisplayType" value="waterGoldenrodRedTea"/>
      <property name="CustomIcon" value="drinkSuspiciousKoolaid"/>
      <property name="TintColor" value="255, 25, 25"/>
      <property name="Meshfile" value="@:Other/Items/Food/bottled_waterPrefab.prefab"/>
      <property name="DropMeshfile" value="@:Other/Items/Misc/sack_droppedPrefab.prefab"/>
      <property name="Material" value="Mglass"/>
      <property name="Stacknumber" value="10"/>
      <!-- STK drink -->
      <!-- <property name="Weight" value="10"/> -->
      <property name="EconomicValue" value="1000"/>
      <property name="CraftingIngredientTime" value="15"/>
      <!-- SCHEMATIC_ONLY -->
      <property name="SoundPickup" value="puremineralwater_grab"/>
      <property name="SoundPlace" value="puremineralwater_place"/>
      <property class="Action0">
        <property name="Class" value="Eat"/>
        <property name="Delay" value="1"/>
        <property name="Sound_start" value="player_drinking"/>
        <!-- <property name="Create_item" value="drinkJarEmpty"/> -->
      </property>
      <property name="Group" value="Food/Cooking,CFDrink/Cooking"/>

      <effect_group tiered="false" name="Drink Tier Found">
        <requirement name="NotHasBuff" buff="buffIsOnFire"/>
        <triggered_effect trigger="onSelfPrimaryActionEnd" action="ModifyCVar" cvar="$waterAmountAdd" operation="add" value="100"/>
        <display_value name="dStaminaRegen" value=".25"/>
        <display_value name="dEfficientDigestion" value=".25"/>
        <display_value name="dDuration" value="360"/>
        <triggered_effect trigger="onSelfPrimaryActionEnd" action="ModifyCVar" cvar="$buffRedTeaDuration" operation="add" value="363"/>
        <triggered_effect trigger="onSelfPrimaryActionEnd" action="ModifyCVar" cvar="$buffRedTeaDuration" operation="set" value="1083">
          <requirement name="CVarCompare" cvar="$buffRedTeaDuration" operation="GT" value="1083"/>
        </triggered_effect>
        <triggered_effect trigger="onSelfPrimaryActionEnd" action="AddBuff" buff="buffProcessConsumables,buffRedTea"/>
        <display_value name="dDysentery" value=".2"/>
        <triggered_effect trigger="onSelfPrimaryActionEnd" action="ModifyCVar" cvar="buffDysenteryCatchDrink" operation="add" value="2"/>
        <triggered_effect trigger="onSelfPrimaryActionEnd" action="AddBuff" buff="buffDysenteryCatchDrink"/>
      </effect_group>

      <effect_group tiered="false">
        <requirement name="HasBuff" buff="buffIsOnFire"/>
        <triggered_effect trigger="onSelfPrimaryActionEnd" action="AddBuff" buff="buffExtinguishFire"/>
      </effect_group>
    </item>
    
  </append>

</Config>