<Config>

  <!-- Add bloodstone to CraftingRare group -->
  <append xpath="/lootcontainers/lootgroup[@name='groupCraftingRare']">

    <item name="resourceBloodstone" count="1,2"/>

  </append>
  
  <!-- Add bloodstone arrow head to modMeleeT3 group -->
  <append xpath="/lootcontainers/lootgroup[@name='modGunT3']">

    <item name="modBloodstoneArrows"/>

  </append>

  <!-- Add bloodstone arrow head schematic to T2 schematics group -->
  <append xpath="/lootcontainers/lootgroup[@name='schematicsModsAndGeneralT2']">

    <item name="modBloodstoneArrowsSchematic"/>

  </append>

  <!-- Add bloodstone bags -->
  <append xpath="/lootcontainers">
    
    <lootcontainer name="zBloodstonePackReg" count="3" size="6,3" sound_open="UseActions/open_backpack" sound_close="UseActions/close_backpack" open_time="1" loot_quality_template="qualPlus1Template" ignore_loot_abundance="true">
      <item name="casinoCoin" count="100,300" loot_prob_template="high"/>
      <item name="drinkCanOfBlood" count="5,15" loot_prob_template="high"/>
      <item name="resourceRawDiamond" count="1,3" loot_prob_template="high"/>
    </lootcontainer>

    <lootcontainer name="zBloodstonePackStrong" count="3" size="6,3" sound_open="UseActions/open_backpack" sound_close="UseActions/close_backpack" open_time="1" loot_quality_template="qualPlus1Template" ignore_loot_abundance="true">
      <item name="casinoCoin" count="100,500" loot_prob_template="high"/>
      <item name="drinkCanOfBlood" count="5,25" loot_prob_template="high"/>
      <item name="resourceRawDiamond" count="1,6" loot_prob_template="high"/>
    </lootcontainer>

  </append>

  <!-- Add bloodstone bolt action to groupWeaponsT3_DeadEye group -->
  <append xpath="/lootcontainers">

    <item name="gunRifleBloodstoneBoltAction"/>
    
  </append>
  
  <!-- Add bloodstone bullets to modMeleeT3 group -->
  <append xpath="/lootcontainers/lootgroup[@name='modGunT3']">

    <item name="modBloodstoneBullets"/>

  </append>

  <!-- Add bloodstone bullets schematic to T2 schematics group -->
  <append xpath="/lootcontainers/lootgroup[@name='schematicsModsAndGeneralT2']">

    <item name="modBloodstoneBulletsSchematic"/>

  </append>

  <!-- Add bloodstone tip to modMeleeT3 group -->
  <append xpath="/lootcontainers/lootgroup[@name='modMeleeT3']">

    <item name="modMeleeBloodstoneTip"/>
    
  </append>

  <!-- Add bloodstone tip schematic to T2 schematics group -->
  <append xpath="/lootcontainers/lootgroup[@name='schematicsModsAndGeneralT2']">

    <item name="modMeleeBloodstoneTipSchematic"/>
    
  </append>
  
  <!-- Add bloodstone vitamins to survivalMedical group -->
  <append xpath="/lootcontainers">

    <item name="drugBloodstoneVitamins"/>
    
  </append>

  <!-- Add bloodstone wire to modMeleeT3 group -->
  <append xpath="/lootcontainers/lootgroup[@name='modMeleeT3']">

    <item name="modMeleeClubBloodstoneWire"/>

  </append>

  <!-- Add bloodstone wire schematic to T2 schematics group -->
  <append xpath="/lootcontainers/lootgroup[@name='schematicsModsAndGeneralT2']">

    <item name="modMeleeClubBloodstoneWireSchematic"/>

  </append>

  <!-- Add can of blood to CraftingRare group -->
  <append xpath="/lootcontainers/lootgroup[@name='groupCraftingRare']">

    <item name="drinkCanOfBlood" count="1,5"/>

  </append>

  <!-- Add can of blood to ScrapRare group -->
  <append xpath="/lootcontainers/lootgroup[@name='groupScrapRare']">

    <item name="drinkCanOfBlood" count="1,5"/>

  </append>
  
</Config>