<Config>

  <!-- Add bloodstone -->
  <append xpath="/recipes">

    <recipe name="resourceBloodstone" count="1" craft_area="workbench" tags="workbenchCrafting" craft_time="60">
      <ingredient name="drinkCanOfBlood" count="10"/>
      <ingredient name="resourceScrapIron" count="100"/>
      <ingredient name="resourceRockSmall" count="250"/>
    </recipe>

  </append>

  <!-- Add bloodstone arrow head mod -->
  <append xpath="/recipes">

    <recipe name="modBloodstoneArrows" count="1" craft_area="workbench" tags="learnable,workbenchCrafting" craft_time="120">
      <ingredient name="resourceBloodstone" count="20"/>
    </recipe>

  </append>

  <!-- Add bloodstone axe -->
  <append xpath="/recipes">

    <recipe name="meleeToolBloodstoneAxe" count="1" craft_area="workbench" tags="workbenchCrafting" craft_time="300">
      <ingredient name="resourceBloodstone" count="50"/>
      <ingredient name="resourceWood" count="10"/>
    </recipe>

  </append>

  <!-- Add bloodstone bomb -->
  <append xpath="/recipes">
    
    <recipe name="thrownBloodstoneBomb" count="1" craft_time="15" craft_area="workbench" tags="workbenchCrafting">
      <ingredient name="resourceYuccaFibers" count="2"/>
      <ingredient name="resourceGunPowder" count="40"/>
      <ingredient name="resourceDuctTape" count="4"/>
      <ingredient name="resourcePaper" count="20"/>
      <ingredient name="resourceBloodstone" count="1"/>
    </recipe>
    
  </append>

  <!-- Add bloodstone bullets mod -->
  <append xpath="/recipes">

    <recipe name="modBloodstoneBullets" count="1" craft_area="workbench" tags="learnable,workbenchCrafting" craft_time="120">
      <ingredient name="resourceBloodstone" count="20"/>
    </recipe>

  </append>

  <!-- Add bloodstone charge -->
  <append xpath="/recipes">

    <recipe name="thrownBloodstoneCharge" count="1" craft_time="15" craft_area="workbench" tags="workbenchCrafting">
      <ingredient name="resourceScrapIron" count="40"/>
      <ingredient name="resourceGunPowder" count="20"/>
      <ingredient name="resourceElectricParts" count="2"/>
      <ingredient name="resourceBloodstone" count="1"/>
    </recipe>

  </append>

  <!-- Add bloodstone knife -->
  <append xpath="/recipes">

    <recipe name="meleeWpnBloodstoneKnife" count="1" craft_time="150" craft_area="workbench" tags="workbenchCrafting">
      <ingredient name="resourceForgedIron" count="8"/>
      <ingredient name="resourceWood" count="4"/>
      <ingredient name="resourceLeather" count="2"/>
      <ingredient name="resourceDuctTape" count="2"/>
      <ingredient name="resourceBloodstone" count="1"/>
    </recipe>

  </append>

  <!-- Add bloodstone pickaxe -->
  <append xpath="/recipes">

    <recipe name="meleeToolBloodstonePick" count="1" craft_area="workbench" tags="workbenchCrafting" craft_time="300">
      <ingredient name="resourceBloodstone" count="50"/>
      <ingredient name="resourceWood" count="10"/>
    </recipe>

  </append>

  <!-- Add bloodstone pickaxe axe -->
  <append xpath="/recipes">

    <recipe name="meleeToolBloodstonePickaxeAxe" count="1" craft_area="workbench" tags="workbenchCrafting" craft_time="600">
      <ingredient name="drinkCanOfBlood" count="100"/>
      <ingredient name="meleeToolBloodstoneAxe" count="1"/>
      <ingredient name="meleeToolBloodstonePick" count="1"/>
    </recipe>

  </append>
  
  <!-- Add bloodstone shovel -->
  <append xpath="/recipes">

    <recipe name="meleeToolBloodstoneShovel" count="1" craft_area="workbench" tags="workbenchCrafting" craft_time="300">
      <ingredient name="resourceBloodstone" count="30"/>
      <ingredient name="resourceWood" count="10"/>
    </recipe>

  </append>

  <!-- Add bloodstone tip mod -->
  <append xpath="/recipes">

    <recipe name="modMeleeBloodstoneTip" count="1" craft_area="workbench" tags="learnable,workbenchCrafting" craft_time="120">
      <ingredient name="resourceBloodstone" count="10"/>
    </recipe>
    
  </append>
  
  <!-- Add bloodstone vitamins -->
  <append xpath="/recipes">
    
    <recipe name="drugBloodstoneVitamins" count="1" craft_area="campfire" craft_tool="toolBeaker">
	    <ingredient name="resourceBloodstone" count="1"/>
	    <ingredient name="foodShamSandwich" count="4"/>
	    <ingredient name="resourcePotassiumNitratePowder" count="3"/>
	    <ingredient name="drinkJarBoiledWater" count="1"/>
    </recipe>
  
  </append>
  
  <!-- Add bloodstone wire mod -->
  <append xpath="/recipes">
    
    <recipe name="modMeleeClubBloodstoneWire" count="1" craft_area="workbench" tags="learnable,workbenchCrafting">
	    <ingredient name="resourceForgedSteel" count="5"/>
	    <ingredient name="resourceBloodstone" count="5"/>
	    <ingredient name="resourceGlue" count="5"/>
	    <ingredient name="resourceMechanicalParts" count="5"/>
	    <ingredient name="resourceSpring" count="10"/>
    </recipe>
  
  </append>

  <!-- Add suspicious koolaid -->
  <append xpath="/recipes">

    <recipe name="drinkSuspiciousKoolaid" count="1" craft_time="10">
      <ingredient name="drinkCanOfBlood" count="10"/>
      <ingredient name="drinkJarBoiledWater" count="2"/>
    </recipe>

  </append>
  
</Config>