<config>

  <!-- Add Bloodstone tools to the harvesting tools skill -->
  <append xpath="/progression/crafting_skills/crafting_skill[@name='craftingHarvestingTools']/effect_group">
    
    <passive_effect name="RecipeTagUnlocked" operation="base_set" level="61,100" value="1" tags="meleeToolBloodstonePick,meleeToolBloodstonePickaxeAxe,meleeToolBloodstoneShovel,meleeToolBloodstoneAxe"/>
    <passive_effect name="CraftingTier" operation="base_add" level="35,45,55,65,75,100" value="1,2,3,4,5,5" tags="meleeToolBloodstonePick,meleeToolBloodstonePickaxeAxe,meleeToolBloodstoneShovel,meleeToolBloodstoneAxe"/>
 
  </append>
  
  <!-- Add bloodstone knuckles to craftingKnuckles skill -->
  <append xpath="/progression/crafting_skills/crafting_skill[@name='craftingKnuckles']/effect_group">

    <passive_effect name="RecipeTagUnlocked" operation="base_set" level="36,75" value="1" tags="meleeWpnBloodstoneKnuckles"/>
    <passive_effect name="CraftingTier" operation="base_add" level="36,43,51,59,67,75" value="1,2,3,4,5,5" tags="meleeWpnBloodstoneKnuckles"/>

  </append>

  <!-- Add bloodstone knife to craftingBlades skill -->
  <append xpath="/progression/crafting_skills/crafting_skill[@name='craftingBlades']/effect_group">

    <passive_effect name="RecipeTagUnlocked" operation="base_set" level="11,75" value="1" tags="meleeWpnBloodstoneKnife"/>
    <passive_effect name="CraftingTier" operation="base_add" level="15,20,25,30,35,75" value="1,2,3,4,5,5" tags="meleeWpnBloodstoneKnife"/>

  </append>

  <!-- Add bloodstone hammer to craftingSledgehammers skill -->
  <append xpath="/progression/crafting_skills/crafting_skill[@name='craftingSledgehammers']/effect_group">

    <passive_effect name="RecipeTagUnlocked" operation="base_set" level="36,75" value="1" tags="meleeWpnBloodstoneHammer"/>
    <passive_effect name="CraftingTier" operation="base_add" level="45,50,55,60,65,75" value="1,2,3,4,5,5" tags="meleeWpnBloodstoneHammer"/>

  </append>

  <!-- Add bloodstone magnum to craftingHandguns skill -->
  <append xpath="/progression/crafting_skills/crafting_skill[@name='craftingHandguns']/effect_group">

    <passive_effect name="RecipeTagUnlocked" operation="base_set" level="71,100" value="1" tags="gunBloodstoneMagnum"/>
    <passive_effect name="CraftingTier" operation="base_add" level="71,76,82,88,94,100" value="1,2,3,4,5,5" tags="gunBloodstoneMagnum"/>

  </append>

  <!-- Add bloodstone smg to craftingHandguns skill -->
  <append xpath="/progression/crafting_skills/crafting_skill[@name='craftingHandguns']/effect_group">

    <passive_effect name="RecipeTagUnlocked" operation="base_set" level="46,100" value="1" tags="gunBloodstoneSMG"/>
    <passive_effect name="CraftingTier" operation="base_add" level="50,55,60,65,70,100" value="1,2,3,4,5,5" tags="gunBloodstoneSMG"/>

  </append>

  <!-- Add bloodstone shotgun to craftingShotguns skill -->
  <append xpath="/progression/crafting_skills/crafting_skill[@name='craftingShotguns']/effect_group">

    <passive_effect name="RecipeTagUnlocked" operation="base_set" level="61,100" value="1" tags="gunBloodstoneShotgun"/>
    <passive_effect name="CraftingTier" operation="base_add" level="61,68,76,84,92,100" value="1,2,3,4,5,5" tags="gunBloodstoneShotgun"/>

  </append>

  <!-- Add bloodstone sniper to craftingRifles skill -->
  <append xpath="/progression/crafting_skills/crafting_skill[@name='craftingRifles']/effect_group">

    <passive_effect name="RecipeTagUnlocked" operation="base_set" level="61,100" value="1" tags="gunBloodstoneSniperRifle"/>
    <passive_effect name="CraftingTier" operation="base_add" level="61,68,76,84,92,100" value="1,2,3,4,5,5" tags="gunBloodstoneSniperRifle"/>

  </append>

  <!-- Add bloodstone MG to craftingMachineGuns skill -->
  <append xpath="/progression/crafting_skills/crafting_skill[@name='craftingMachineGuns']/effect_group">

    <passive_effect name="RecipeTagUnlocked" operation="base_set" level="61,100" value="1" tags="gunBloodstoneMG"/>
    <passive_effect name="CraftingTier" operation="base_add" level="61,68,76,84,92,100" value="1,2,3,4,5,5" tags="gunBloodstoneMG"/>

  </append>

  <!-- Add bloodstone launcher to craftingExplosives skill -->
  <append xpath="/progression/crafting_skills/crafting_skill[@name='craftingExplosives']/effect_group">

    <passive_effect name="RecipeTagUnlocked" operation="base_set" level="50,100" value="1" tags="gunBloodstoneLauncher"/>
    <passive_effect name="CraftingTier" operation="base_add" level="50,60,70,80,90,100" value="1,2,3,4,5,5" tags="gunBloodstoneLauncher"/>

  </append>
  
</config>