<Config>

  <!-- Add bloodstone -->
  <append xpath="/recipes">

    <recipe name="resourceBloodstone" count="1" craft_area="workbench" tags="workbenchCrafting" craft_time="60">
      <ingredient name="drinkCanOfBlood" count="10"/>
      <ingredient name="resourceScrapIron" count="100"/>
      <ingredient name="resourceRockSmall" count="250"/>
    </recipe>

  </append>

  <!-- Add bloodstone arrow head mod -->
  <append xpath="/recipes">

    <recipe name="modBloodstoneArrows" count="1" craft_area="workbench" tags="learnable,workbenchCrafting" craft_time="120">
      <ingredient name="resourceBloodstone" count="20"/>
    </recipe>

  </append>

  <!-- Add bloodstone axe -->
  <append xpath="/recipes">

    <recipe name="meleeToolBloodstoneAxe" count="1" craft_area="workbench" tags="learnable,perkMiner69r,craftingHarvestingTools,workbenchCrafting" craft_time="300">
      <ingredient name="resourceBloodstone" count="30"/>
      <ingredient name="meleeToolAxeT2SteelAxe" count="1"/>
      <ingredient name="resourceLegendaryParts" count="0"/>
      <effect_group>
        <passive_effect name="CraftingIngredientCount" level="6" operation="base_add" value="1" tags="resourceLegendaryParts"/>
      </effect_group>
    </recipe>

  </append>

  <!-- Add bloodstone bomb -->
  <append xpath="/recipes">
    
    <recipe name="thrownBloodstoneBomb" count="2" craft_time="15" craft_area="workbench" tags="workbenchCrafting">
      <ingredient name="resourceYuccaFibers" count="2"/>
      <ingredient name="resourceGunPowder" count="40"/>
      <ingredient name="resourceDuctTape" count="4"/>
      <ingredient name="resourcePaper" count="20"/>
      <ingredient name="resourceBloodstone" count="1"/>
    </recipe>
    
  </append>

  <!-- Add bloodstone bullets mod -->
  <append xpath="/recipes">

    <recipe name="modBloodstoneBullets" count="1" craft_area="workbench" tags="learnable,workbenchCrafting" craft_time="120">
      <ingredient name="resourceBloodstone" count="20"/>
    </recipe>

  </append>

  <!-- Add bloodstone charge -->
  <append xpath="/recipes">

    <recipe name="thrownBloodstoneCharge" count="2" craft_time="15" craft_area="workbench" tags="workbenchCrafting">
      <ingredient name="resourceScrapIron" count="40"/>
      <ingredient name="resourceGunPowder" count="20"/>
      <ingredient name="resourceElectricParts" count="2"/>
      <ingredient name="resourceBloodstone" count="1"/>
    </recipe>

  </append>

  <!-- Add bloodstone contact grenade -->
  <append xpath="/recipes">

    <recipe name="thrownBloodstoneContactGrenade" count="5" craft_time="20" craft_area="workbench" tags="workbenchCrafting">
      <ingredient name="resourceMechanicalParts" count="5"/>
      <ingredient name="resourceGunPowder" count="20"/>
      <ingredient name="resourceForgedIron" count="5"/>
      <ingredient name="resourceSpring" count="1"/>
      <ingredient name="resourceBloodstone" count="1"/>
    </recipe>

  </append>
  
  <!-- Add bloodstone generator -->
  <append xpath="/recipes">
    
    <recipe name="bloodstoneGenerator" count="1" craft_area="workbench" tags="perkAdvancedEngineering">
	    <ingredient name="resourceBloodstone" count="10"/>
	    <ingredient name="resourceMechanicalParts" count="20"/>
	    <ingredient name="resourceElectricParts" count="25"/>
	    <effect_group>
		    <passive_effect name="CraftingIngredientCount" level="0,1,2,3,4" operation="perc_add" value=".56,.56,.56,.34,.15" tags="resourceBloodstone,resourceMechanicalParts,resourceElectricParts"/>
	    </effect_group>
    </recipe>
  
  </append>

  <!-- Add bloodstone hammer -->
  <append xpath="/recipes">

    <recipe name="meleeWpnBloodstoneHammer" count="1" craft_area="workbench" tags="learnable,perkSkullCrusher,workbenchCrafting">
      <ingredient name="meleeWpnSledgeT3SteelSledgehammer" count="1"/>
      <ingredient name="resourceBloodstone" count="20"/>
      <ingredient name="resourceWood" count="20"/>
      <ingredient name="resourceDuctTape" count="5"/>
      <ingredient name="resourceLegendaryParts" count="0"/>
      <effect_group>
        <passive_effect name="CraftingIngredientCount" level="2,6" operation="perc_add" value="1,5" tags="resourceBloodstone,resourceWood,resourceDuctTape"/>
        <passive_effect name="CraftingIngredientCount" level="6" operation="base_add" value="1" tags="resourceLegendaryParts"/>
      </effect_group>
    </recipe>

  </append>

  <!-- Add bloodstone knife -->
  <append xpath="/recipes">

    <recipe name="meleeWpnBloodstoneKnife" count="1" craft_time="150" craft_area="workbench" tags="learnable,perkDeepCuts,workbenchCrafting">
      <ingredient name="resourceForgedIron" count="8"/>
      <ingredient name="resourceWood" count="4"/>
      <ingredient name="resourceLeather" count="2"/>
      <ingredient name="resourceDuctTape" count="2"/>
      <ingredient name="resourceBloodstone" count="1"/>
    </recipe>

  </append>

  <!-- Add bloodstone knuckles -->
  <append xpath="/recipes">

    <recipe name="meleeWpnBloodstoneKnuckles" count="1" craft_area="workbench" tags="learnable,perkBrawler,workbenchCrafting">
      <ingredient name="meleeWpnKnucklesT3SteelKnuckles" count="1"/>
      <ingredient name="resourceBloodstone" count="20"/>
      <ingredient name="resourceLeather" count="5"/>
      <ingredient name="resourceDuctTape" count="5"/>
      <ingredient name="resourceLegendaryParts" count="0"/>
      <effect_group>
        <passive_effect name="CraftingIngredientCount" level="2,6" operation="perc_add" value="1,5" tags="resourceBloodstone,resourceLeather,resourceDuctTape"/>
        <passive_effect name="CraftingIngredientCount" level="6" operation="base_add" value="1" tags="resourceLegendaryParts"/>
      </effect_group>
    </recipe>

  </append>

  <!-- Add bloodstone launcher, rocket & warhead-->
  <append xpath="/recipes">

    <recipe name="gunBloodstoneLauncher" count="1" craft_area="workbench" tags="learnable,perkDemolitionsExpert,workbenchCrafting">
      <ingredient name="gunExplosivesT3RocketLauncher" count="1"/>
      <ingredient name="resourceBloodstone" count="30"/>
      <ingredient name="resourceDuctTape" count="5"/>
      <ingredient name="resourceSpring" count="5"/>
      <ingredient name="resourceLegendaryParts" count="0"/>
      <effect_group>
        <passive_effect name="CraftingIngredientCount" level="2,6" operation="perc_add" value="2,10" tags="resourceBloodstone,resourceDuctTape,resourceSpring"/>
        <passive_effect name="CraftingIngredientCount" level="6" operation="base_add" value="1" tags="resourceLegendaryParts"/>
      </effect_group>
    </recipe>

    <recipe name="ammoRocketBloodstone" count="2" craft_time="30" craft_area="workbench" tags="workbenchCrafting">
      <ingredient name="resourceRocketTip" count="1"/>
      <ingredient name="resourceGunPowder" count="20"/>
      <ingredient name="resourceDuctTape" count="2"/>
      <ingredient name="resourceBloodstone" count="2"/>
      <ingredient name="resourceRocketCasing" count="1"/>
    </recipe>

    <recipe name="ammoWarheadBloodstone" count="2" craft_time="30" craft_area="workbench" tags="workbenchCrafting">
      <ingredient name="resourceBloodstone" count="2"/>
      <ingredient name="thrownBloodstoneCharge" count="1"/>
      <ingredient name="ammoRocketBloodstone" count="1"/>
    </recipe>

  </append>

  <!-- Add bloodstone machine gun -->
  <append xpath="/recipes">

    <recipe name="gunBloodstoneMG" count="1" craft_area="workbench" tags="learnable,perkMachineGunner,workbenchCrafting">
      <ingredient name="gunMGT3M60" count="1"/>
      <ingredient name="resourceBloodstone" count="30"/>
      <ingredient name="resourceDuctTape" count="15"/>
      <ingredient name="resourceSpring" count="25"/>
      <ingredient name="resourceLegendaryParts" count="0"/>
      <effect_group>
        <passive_effect name="CraftingIngredientCount" level="2,6" operation="base_add" value="1,5" tags="resourceDuctTape"/>
        <passive_effect name="CraftingIngredientCount" level="2,6" operation="base_add" value="2,10" tags="resourceSpring"/>
        <passive_effect name="CraftingIngredientCount" level="2,6" operation="base_add" value="2,10" tags="resourceBloodstone"/>
        <passive_effect name="CraftingIngredientCount" level="6" operation="base_add" value="1" tags="resourceLegendaryParts"/>
      </effect_group>
    </recipe>

  </append>
  
  <!-- Add bloodstone magnum -->
  <append xpath="/recipes">

    <recipe name="gunBloodstoneMagnum" count="1" craft_area="workbench" tags="learnable,perkGunslinger,workbenchCrafting">
      <ingredient name="gunHandgunT3DesertVulture" count="1"/>
      <ingredient name="resourceBloodstone" count="20"/>
      <ingredient name="resourceDuctTape" count="13"/>
      <ingredient name="resourceSpring" count="25"/>
      <ingredient name="resourceLegendaryParts" count="0"/>
      <effect_group>
        <passive_effect name="CraftingIngredientCount" level="2,6" operation="base_add" value="1,5" tags="resourceDuctTape"/>
        <passive_effect name="CraftingIngredientCount" level="2,6" operation="base_add" value="2,10" tags="resourceSpring"/>
        <passive_effect name="CraftingIngredientCount" level="2,6" operation="base_add" value="2,10" tags="resourceBloodstone"/>
        <passive_effect name="CraftingIngredientCount" level="6" operation="base_add" value="1" tags="resourceLegendaryParts"/>
      </effect_group>
    </recipe>

  </append>

  <!-- Add bloodstone mine -->
  <append xpath="/recipes">

	  <recipe name="mineBloodstone" count="2" > <!-- trap size 1 -->
		  <ingredient name="resourceScrapIron" count="10"/>
		  <ingredient name="resourceGunPowder" count="10"/>
		  <ingredient name="resourceNail" count="2"/>
		  <ingredient name="resourceDuctTape" count="2"/>
		  <ingredient name="resourceBloodstone" count="1"/>
	  </recipe>

  </append>

  <!-- Add bloodstone pickaxe -->
  <append xpath="/recipes">

    <recipe name="meleeToolBloodstonePick" count="1" craft_area="workbench" tags="learnable,craftingHarvestingTools,workbenchCrafting" craft_time="300">
      <ingredient name="resourceBloodstone" count="30"/>
      <ingredient name="meleeToolPickT2SteelPickaxe" count="1"/>
    </recipe>

  </append>

  <!-- Add bloodstone pickaxe axe -->
  <append xpath="/recipes">

    <recipe name="meleeToolBloodstonePickaxeAxe" count="1" craft_area="workbench" tags="learnable,craftingHarvestingTools,workbenchCrafting" craft_time="600">
      <ingredient name="drinkCanOfBlood" count="100"/>
      <ingredient name="meleeToolBloodstoneAxe" count="1"/>
      <ingredient name="meleeToolBloodstonePick" count="1"/>
    </recipe>

  </append>

  <!-- Add bloodstone plating -->
  <append xpath="/recipes">
  
	<recipe name="modArmorPlatingBloodstone" count="1" craft_area="workbench" tags="learnable,workbenchCrafting">
		<ingredient name="resourceBloodstone" count="5"/>
		<ingredient name="resourceScrapPolymers" count="10"/>
		<ingredient name="resourceDuctTape" count="2"/>
		<ingredient name="resourceMechanicalParts" count="4"/>
		<ingredient name="resourceSewingKit" count="1"/>
	</recipe>
  
  </append>

  <!-- Add bloodstone shotgun -->
  <append xpath="/recipes">

    <recipe name="gunBloodstoneShotgun" count="1" craft_area="workbench" tags="learnable,perkBoomstick,workbenchCrafting">
      <ingredient name="gunShotgunT3AutoShotgun" count="1"/>
      <ingredient name="resourceBloodstone" count="20"/>
      <ingredient name="resourceDuctTape" count="15"/>
      <ingredient name="resourceSpring" count="25"/>
      <ingredient name="resourceLegendaryParts" count="0"/>
      <effect_group>
        <passive_effect name="CraftingIngredientCount" level="2,6" operation="base_add" value="2,5" tags="resourceDuctTape"/>
        <passive_effect name="CraftingIngredientCount" level="2,6" operation="base_add" value="2,10" tags="resourceSpring"/>
        <passive_effect name="CraftingIngredientCount" level="2,6" operation="base_add" value="2,10" tags="resourceBloodstone"/>
        <passive_effect name="CraftingIngredientCount" level="6" operation="base_add" value="1" tags="resourceLegendaryParts"/>
      </effect_group>
    </recipe>

  </append>
  
  <!-- Add bloodstone shovel -->
  <append xpath="/recipes">

    <recipe name="meleeToolBloodstoneShovel" count="1" craft_area="workbench" tags="learnable,craftingHarvestingTools,workbenchCrafting" craft_time="300">
      <ingredient name="resourceBloodstone" count="30"/>
      <ingredient name="meleeToolShovelT2SteelShovel" count="1"/>
    </recipe>

  </append>

  <!-- Add bloodstone smg -->
  <append xpath="/recipes">

    <recipe name="gunBloodstoneSMG" count="1" craft_area="workbench" tags="learnable,perkGunslinger,workbenchCrafting">
      <ingredient name="gunHandgunT3SMG5" count="1"/>
      <ingredient name="resourceBloodstone" count="20"/>
      <ingredient name="resourceDuctTape" count="13"/>
      <ingredient name="resourceSpring" count="25"/>
      <ingredient name="resourceLegendaryParts" count="0"/>
      <effect_group>
        <passive_effect name="CraftingIngredientCount" level="2,6" operation="base_add" value="1,5" tags="resourceDuctTape"/>
        <passive_effect name="CraftingIngredientCount" level="2,6" operation="base_add" value="2,10" tags="resourceSpring"/>
        <passive_effect name="CraftingIngredientCount" level="2,6" operation="base_add" value="2,10" tags="resourceBloodstone"/>
        <passive_effect name="CraftingIngredientCount" level="6" operation="base_add" value="1" tags="resourceLegendaryParts"/>
      </effect_group>
    </recipe>
    
  </append>

  <!-- Add bloodstone sniper -->
  <append xpath="/recipes">

    <recipe name="gunBloodstoneSniperRifle" count="1" craft_area="workbench" tags="learnable,perkDeadEye,workbenchCrafting">
      <ingredient name="gunRifleT3SniperRifle" count="1"/>
      <ingredient name="resourceBloodstone" count="20"/>
      <ingredient name="resourceDuctTape" count="15"/>
      <ingredient name="resourceSpring" count="25"/>
      <ingredient name="resourceLegendaryParts" count="0"/>
      <effect_group>
        <passive_effect name="CraftingIngredientCount" level="2,6" operation="base_add" value="1,5" tags="resourceDuctTape"/>
        <passive_effect name="CraftingIngredientCount" level="2,6" operation="base_add" value="2,10" tags="resourceSpring"/>
        <passive_effect name="CraftingIngredientCount" level="2,10" operation="base_add" value="10,50" tags="resourceBloodstone"/>
        <passive_effect name="CraftingIngredientCount" level="6" operation="base_add" value="1" tags="resourceLegendaryParts"/>
      </effect_group>
    </recipe>

  </append>
  
  <!-- Add bloodstone spikes -->
  <append xpath="/recipes">
  
	<recipe name="trapSpikesBloodstoneDmg0" count="1">
		<ingredient name="resourceBloodstone" count="2"/>
	</recipe>
  
  </append>
  
  <!-- Add bloodstone tip mod -->
  <append xpath="/recipes">

    <recipe name="modMeleeBloodstoneTip" count="1" craft_area="workbench" tags="learnable,workbenchCrafting" craft_time="120">
      <ingredient name="resourceBloodstone" count="10"/>
    </recipe>
    
  </append>
  
  <!-- Add bloodstone vitamins -->
  <append xpath="/recipes">
    
    <recipe name="drugBloodstoneVitamins" count="1" craft_area="campfire" craft_tool="toolBeaker">
	    <ingredient name="resourceBloodstone" count="1"/>
	    <ingredient name="foodShamSandwich" count="4"/>
	    <ingredient name="resourcePotassiumNitratePowder" count="3"/>
	    <ingredient name="drinkJarBoiledWater" count="1"/>
    </recipe>
  
  </append>
  
  <!-- Add bloodstone wire mod -->
  <append xpath="/recipes">
    
    <recipe name="modMeleeClubBloodstoneWire" count="1" craft_area="workbench" tags="learnable,workbenchCrafting">
	    <ingredient name="resourceForgedSteel" count="5"/>
	    <ingredient name="resourceBloodstone" count="5"/>
	    <ingredient name="resourceGlue" count="5"/>
	    <ingredient name="resourceMechanicalParts" count="5"/>
	    <ingredient name="resourceSpring" count="10"/>
    </recipe>
  
  </append>

  <!-- Add can of blood -->
  <append xpath="/recipes">

    <recipe name="drinkCanOfBlood" count="10" craft_area="campfire" craft_tool="toolCookingPot" tags="perkMasterChef">
      <ingredient name="foodHellHash" count="5"/>
    </recipe>

  </append>
  
  <!-- Add hell hash -->
  <append xpath="/recipes">

    <recipe name="foodHellHash" count="1" craft_area="campfire" craft_tool="toolCookingPot" tags="perkMasterChef">
      <ingredient name="foodRawMeat" count="10"/>
      <ingredient name="foodRottingFlesh" count="10"/>
      <ingredient name="foodCropPotato" count="2"/>
      <ingredient name="resourceAnimalFat" count="5"/>
      <ingredient name="drinkCanOfBlood" count="10"/>
      <effect_group>
        <passive_effect name="CraftingIngredientCount" level="1,3" operation="base_add" value="-1,-2" tags="foodRawMeat,foodRottingFlesh"/>
      </effect_group>
    </recipe>

  </append>

  <!-- Add suspicious koolaid -->
  <append xpath="/recipes">

    <recipe name="drinkSuspiciousKoolaid" count="1" craft_time="10">
      <ingredient name="drinkCanOfBlood" count="10"/>
      <ingredient name="drinkJarBoiledWater" count="2"/>
    </recipe>

  </append>
  
</Config>