<Config>

  <!-- Add the ZombiesGiant group to pine_forest -->
  <append xpath="/spawning/biome[@name='pine_forest']">
    <spawn id="bs01" maxcount="3" respawndelay="4" time="Day" entitygroup="ZombiesBloodstone" spawnDeadChance="0" />
    <spawn id="bs02" maxcount="5" respawndelay="3" time="Night" entitygroup="ZombiesBloodstone" spawnDeadChance="0" />
  </append>

  <!-- Add the ZombiesGiant group to burnt_forest -->
  <append xpath="/spawning/biome[@name='burnt_forest']">
    <spawn id="bs01" maxcount="4" respawndelay="3" time="Day" entitygroup="ZombiesBloodstone" spawnDeadChance="0" />
    <spawn id="bs02" maxcount="8" respawndelay="2" time="Night" entitygroup="ZombiesBloodstone" spawnDeadChance="0" />
  </append>

  <!-- Add the ZombiesGiant group to desert -->
  <append xpath="/spawning/biome[@name='desert']">
    <spawn id="bs01" maxcount="3" respawndelay="4" time="Day" entitygroup="ZombiesBloodstone" spawnDeadChance="0" />
    <spawn id="bs02" maxcount="5" respawndelay="3" time="Night" entitygroup="ZombiesBloodstone" spawnDeadChance="0" />
  </append>

  <!-- Add the ZombiesGiant group to snow -->
  <append xpath="/spawning/biome[@name='snow']">
    <spawn id="bs01" maxcount="3" respawndelay="4" time="Day" entitygroup="ZombiesBloodstone" spawnDeadChance="0" />
    <spawn id="bs02" maxcount="5" respawndelay="3" time="Night" entitygroup="ZombiesBloodstone" spawnDeadChance="0" />
  </append>

  <!-- Add the ZombiesGiant group to wasteland -->
  <append xpath="/spawning/biome[@name='wasteland']">
    <spawn id="bs01" maxcount="4" respawndelay="3" time="Day" entitygroup="ZombiesBloodstone" spawnDeadChance="0" />
    <spawn id="bs02" maxcount="8" respawndelay="2" time="Night" entitygroup="ZombiesBloodstone" spawnDeadChance="0" />
  </append>
  
</Config>