<configs>

   <!-- Add giant zombies that drops blood -->
  <append xpath="/entity_classes">

    <entity_class name="zombieSkateboarderRadiatedGiant" extends="zombieSkateboarderFeral">
      <property name="UserSpawnType" value="Menu"/>
      <property name="SizeScale" value="1.5"/>
      <property name="Tags" value="entity,zombie,walker,feral,radiated"/>
      <property name="Mesh" value="@:Entities/Zombies/Prefabs/ZThugRadiated.prefab"/>
      <property name="AltMats" value="@:Entities/Zombies/Zombies/Materials/HD_Thug_Radiated2.mat,@:Entities/Zombies/Zombies/Materials/HD_Thug_Radiated3.mat"/>

      <!-- Gameplay zombieSkateboarderRadiated -->
      <property name="DismemberMultiplierHead" value=".4"/>
      <property name="DismemberMultiplierArms" value=".4"/>
      <property name="DismemberMultiplierLegs" value=".4"/>
      <!-- Radiated -->
      <property name="PainResistPerHit" value=".9"/>
      <property name="MoveSpeedAggro" value="0.4, 1.4"/>
      <!-- fit, regular -->
      <!-- Radiated -->
      <property name="ExperienceGain" value="2000"/>
      <!-- XP grunt radiated -->
      <drop event="Harvest" name="drinkCanOfBlood" tag="allToolsHarvest" count="5"/>
      <drop event="Harvest" name="resourceRawDiamond" prob=".1" count="1"/>

      <effect_group name="Base Effects">
        <passive_effect name="HealthMax" operation="base_set" value="750"/>
        <triggered_effect trigger="onOtherDamagedSelf" action="ModifyCVar" target="self" cvar="RadiatedRegenAmount" operation="set" value="6"/>
        <triggered_effect trigger="onOtherDamagedSelf" action="AddBuff" target="self" buff="buffRadiatedRegen"/>
        <!-- <passive_effect name="BuffProcChance" operation="perc_add" value="-1" tags="buffInjuryCrippled01,defend,head" match_all_tags="true"/>
		    <passive_effect name="BuffProcChance" operation="perc_add" value="-1" tags="buffInjuryCrippled01,defend,upperbody" match_all_tags="true"/>
		    <passive_effect name="BuffProcChance" operation="perc_add" value="0" tags="buffInjuryCrippled01,defend,lowerbody" match_all_tags="true"/> -->
      </effect_group>
    </entity_class>

    <entity_class name="zombieSteveRadiatedGiant" extends="zombieSteveFeral">
      <property name="UserSpawnType" value="Menu"/>
      <property name="SizeScale" value="1.5"/>
      <property name="Tags" value="entity,zombie,walker,feral,radiated"/>
      <property name="Mesh" value="@:Entities/Zombies/Prefabs/ZSteveRadiated.prefab"/>
      <property name="AltMats" value="@:Entities/Zombies/Zombies/Materials/HD_Steve_Radiated2.mat,@:Entities/Zombies/Zombies/Materials/HD_Steve_Radiated3.mat,@:Entities/Zombies/Zombies/Materials/HD_Steve_Radiated4.mat,@:Entities/Zombies/Zombies/Materials/HD_Steve_Radiated5.mat"/>
      <!--<property name="ParticleOnSpawn" value="@:ParticleEffects/RadiatedParticlesOnMesh.prefab" param1="SetShapeToMesh0"/>-->

      <!-- Gameplay zombieSteveRadiated -->
      <property name="DismemberMultiplierHead" value=".4"/>
      <property name="DismemberMultiplierArms" value=".4"/>
      <property name="DismemberMultiplierLegs" value=".4"/>
      <!-- Radiated -->
      <property name="PainResistPerHit" value=".9"/>
      <property name="MoveSpeedAggro" value="0.4, 1.4"/>
      <!-- Radiated -->
      <property name="ExperienceGain" value="2000"/>
      <!-- XP grunt radiated -->
      <drop event="Harvest" name="drinkCanOfBlood" tag="allToolsHarvest" count="10"/>
      <drop event="Harvest" name="resourceRawDiamond" prob=".1" count="1"/>

      <effect_group name="Base Effects">
        <passive_effect name="HealthMax" operation="base_set" value="1250"/>
        <!--<passive_effect name="EntityDamage" operation="perc_add" value="0"/>-->
        <!-- Feral damage -->
        <triggered_effect trigger="onOtherDamagedSelf" action="ModifyCVar" target="self" cvar="RadiatedRegenAmount" operation="set" value="4"/>
        <triggered_effect trigger="onOtherDamagedSelf" action="AddBuff" target="self" buff="buffRadiatedRegen"/>
      </effect_group>
    </entity_class>

  </append>
  
</configs>