<Config>

  <!-- Add bloodstone -->
  <append xpath="/items">

    <item name="resourceBloodstone">
      <property name="CustomIcon" value="resourceBloodstone"/>
      <property name="CustomIconTint" value="c2d6d6"/>
      <property name="HoldType" value="45"/>
      <property name="Meshfile" value="@:Other/Items/Misc/sackPrefab.prefab"/>
      <property name="DropMeshfile" value="@:Other/Items/Misc/sack_droppedPrefab.prefab"/>
      <property name="Material" value="MresourceForgedIron"/>
      <property name="Stacknumber" value="500"/>
      <!-- STK resource -->
      <property name="EconomicValue" value="120"/>
      <property name="CraftingIngredientTime" value="10"/>
      <property name="RepairTime" value=".5"/>
      <property name="RepairAmount" value="500"/>
      <property name="Group" value="Resources"/>
      <property name="SoundPickup" value="forgedmetal_grab"/>
      <property name="SoundPlace" value="forgedmetal_place"/>
    </item>

  </append>

  <!-- Add bloodstone to allowed upgrade within repair tools -->
  <setattribute xpath="/items/item[@name='meleeToolRepairT0StoneAxe']/property[@class='Action1']/property[@name='Allowed_upgrade_items']" name="value">resourceBloodstone,resourceWood,resourceClayLump,resourceSnowBall,resourceScrapIron,resourceForgedIron,resourceForgedSteel,resourceConcreteMix,resourceCobblestones,ironDoorBlockVariantHelper,ironDoorDoubleBlockVariantHelper,vaultDoor01,vaultDoor01Double,ironHatchBlockVariantHelper,vaultHatch01,cellarDoorDoubleIron,cellarDoorDoubleSteel,shuttersIronBlockVariantHelper,shuttersSteelBlockVariantHelper,resourceYuccaFibers,resourceCloth,resourceScrapPolymers,resourceNail,glassBulletproofBlockVariantHelper</setattribute>
  <setattribute xpath="/items/item[@name='meleeToolRepairT1ClawHammer']/property[@class='Action1']/property[@name='Allowed_upgrade_items']" name="value">resourceBloodstone,resourceWood,resourceClayLump,resourceSnowBall,resourceScrapIron,resourceForgedIron,resourceForgedSteel,resourceConcreteMix,resourceCobblestones,ironDoorBlockVariantHelper,ironDoorDoubleBlockVariantHelper,vaultDoor01,vaultDoor01Double,ironHatchBlockVariantHelper,vaultHatch01,cellarDoorDoubleIron,cellarDoorDoubleSteel,shuttersIronBlockVariantHelper,shuttersSteelBlockVariantHelper,resourceYuccaFibers,resourceCloth,resourceScrapPolymers,resourceNail,glassBulletproofBlockVariantHelper</setattribute>
  <setattribute xpath="/items/item[@name='meleeToolRepairT3Nailgun']/property[@class='Action1']/property[@name='Allowed_upgrade_items']" name="value">resourceBloodstone,resourceWood,resourceClayLump,resourceSnowBall,resourceScrapIron,resourceForgedIron,resourceForgedSteel,resourceConcreteMix,resourceCobblestones,ironDoorBlockVariantHelper,ironDoorDoubleBlockVariantHelper,vaultDoor01,vaultDoor01Double,ironHatchBlockVariantHelper,vaultHatch01,cellarDoorDoubleIron,cellarDoorDoubleSteel,shuttersIronBlockVariantHelper,shuttersSteelBlockVariantHelper,resourceYuccaFibers,resourceCloth,resourceScrapPolymers,resourceNail,glassBulletproofBlockVariantHelper</setattribute>
  
  <!-- Add bloodstone axe -->
  <append xpath="/items">

    <item name="meleeToolBloodstoneAxe">
      <property name="Extends" value="meleeToolAxeT1IronFireaxe"/>
      <property name="CustomIcon" value="meleeToolBloodstoneAxe"/>
      <property name="TintColor" value="157, 57, 57"/>
      <property name="Meshfile" value="@:Other/Items/Weapons/Melee/Axe/steelAxePrefab.prefab"/>
      <property name="EconomicValue" value="2500"/>
      <property name="TraderStageTemplate" value="baseTier2"/>
      <!-- meleeToolAxeT2SteelAxe -->
      <property name="UnlockedBy" value="craftingHarvestingTools"/>
      <!-- meleeToolSteelSetSchematic, -->
      <property name="Material" value="MmeleeToolAllSteel"/>
      <property name="Weight" value="1"/>
      <property name="ScrapTimeOverride" value="10.0"/>
      <property name="SoundUnholster" value="weapon_unholster"/>
      <property name="SoundHolster" value="weapon_holster"/>
      <property name="SoundPickup" value="axe_steel_grab"/>
      <property name="SoundPlace" value="axe_steel_place"/>
      <property class="Action0">
        <property name="Sound_start" value="axe_steel_swinglight"/>
      </property>
      <property class="Action1">
        <property name="Sound_start" value="axe_steel_swingheavy"/>
      </property>
      <effect_group name="meleeToolAxeT2SteelAxe">
        <passive_effect name="AttacksPerMinute" operation="base_set" value="55" tags="perkMiner69r,axe"/>
        <passive_effect name="StaminaLoss" operation="base_set" value="26.4" tags="primary"/>
        <passive_effect name="DegradationMax" operation="base_set" value="1000,2000" tier="1,6" tags="perkMiner69r"/>
        <passive_effect name="DegradationPerUse" operation="base_set" value="1" tags="perkMiner69r"/>
        <passive_effect name="MaxRange" operation="base_set" value="2.6" tags="perkMiner69r"/>
        <passive_effect name="BlockRange" operation="base_set" value="3.5" tags="perkMiner69r"/>
        <passive_effect name="ModSlots" operation="base_set" value="3,3,3,4,4,4" tier="1,2,3,4,5,6"/>
        <passive_effect name="ModPowerBonus" operation="perc_add" value=".10" tags="EntityDamage,BlockDamage"/>
        <passive_effect name="ModPowerBonus" operation="base_add" value="300" tags="EconomicValue"/>
        <passive_effect name="EntityDamage" operation="base_set" value="29" tags="perkMiner69r"/>
        <passive_effect name="EntityDamage" operation="perc_add" value="-.04,.04" tags="perkMiner69r"/>
        <!-- random EntityDmg -->
        <passive_effect name="EntityDamage" operation="perc_add" value=".1,.5" tier="2,6" tags="perkMiner69r"/>
        <!-- tier bonus -->
        <passive_effect name="BlockDamage" operation="base_set" value="133.5" tags="perkMiner69r"/>
        <passive_effect name="BlockDamage" operation="perc_add" value="-.04,.04" tags="perkMiner69r"/>
        <!-- random BlockDmg -->
        <passive_effect name="BlockDamage" operation="perc_add" value=".15,.75" tier="2,6" tags="perkMiner69r"/>
        <!-- tier bonus -->
        <!-- <passive_effect name="DegradationMax" operation="perc_add" value="-.08,.08" tier="1,6" tags="perkMiner69r"/> -->
        <!-- random DegMax -->
        <passive_effect name="PlayerExpGain" operation="perc_add" value="-.1" tags="Harvesting"/>
        <!-- <passive_effect name="AttacksPerMinute" operation="perc_add" value="-.05,.05" tags="perkMiner69r"/> -->
        <!-- random APM -->
        <!-- <passive_effect name="StaminaLoss" operation="perc_add" value="-.05,.05"/> -->
        <!-- random StamLoss -->
        <passive_effect name="HarvestCount" operation="base_set" value=".7" tags="butcherHarvest"/>
        <passive_effect name="DamageModifier" operation="perc_add" value="-.8" tags="earth"/>
        <passive_effect name="DamageModifier" operation="perc_add" value="-.75" tags="stone"/>
        <passive_effect name="DamageModifier" operation="perc_add" value="-.75" tags="metal"/>
      </effect_group>
      <effect_group name="Power Attack">
        <passive_effect name="EntityDamage" operation="perc_add" value="1.25" tags="secondary"/>
        <passive_effect name="BlockDamage" operation="perc_add" value="1.875" tags="secondary"/>
        <!-- <passive_effect name="AttacksPerMinute" operation="perc_add" value="-.3" tags="secondary"/> -->
        <passive_effect name="StaminaLoss" operation="base_set" value="52.7" tags="secondary"/>
      </effect_group>
    </item>

  </append>

  <!-- Add bloodstone bomb -->
  <append xpath="/items">

    <item name="thrownBloodstoneBomb">
      <property name="Tags" value="ammo,weapon,attPerception,perkDemolitionsExpert,explosivesSkill"/>
      <property name="ItemTypeIcon" value="explosion"/>
      <property name="DisplayType" value="ammoGrenade"/>
      
      <property name="CustomIcon" value="thrownBloodstoneBomb"/>
      <property name="TintColor" value="157, 57, 57"/>
      
      <property name="Class" value="ItemClassTimeBomb"/>
      <property name="HoldType" value="66"/>
      <property name="Meshfile" value="@:Other/Items/Weapons/Ranged/Dynamite/dynamitePrefab.prefab"/>
      <property name="DropScale" value="8"/>
      <property name="Material" value="MDynamite"/>
      <property name="Stacknumber" value="10"/>
      <property name="EconomicValue" value="100"/>
      <property name="TraderStageTemplate" value="baseTier2"/>
      <!-- thrownDynamite -->
      <property name="Weight" value="0"/>
      <property name="ActivationTransformToHide" value="Sparks"/>
      <property name="Explosion.BlockDamage" value="6000"/>
      <property name="Explosion.EntityDamage" value="1100"/>
      <property name="Explosion.ParticleIndex" value="22"/>
      <property name="Explosion.RadiusBlocks" value="10"/>
      <property name="Explosion.RadiusEntities" value="12"/>
      <!--<property name="Explosion.DamageBonus.stone" value="0"/><property name="Explosion.DamageBonus.metal" value="0"/><property name="Explosion.DamageBonus.earth" value="0"/><property name="Explosion.DamageBonus.cloth" value="5"/><property name="Explosion.DamageBonus.wood" value="0"/><property name="Explosion.DamageBonus.water" value="0"/>-->
      <property name="FuseTime" value="6"/>
      <!-- End: Needed for time in sec, max 6 -->
      <property name="StickPercent" value=".4"/>
      <property name="UnlockedBy" value="craftingExplosives"/>
      <!-- perkDemolitionsExpert,thrownDynamiteSchematic, -->
      <property name="Group" value="Ammo/Weapons,Ammo"/>
      <property name="SoundPickup" value="dynamite_grab"/>
      <property name="SoundPlace" value="dynamite_place"/>
      <property class="Action0">
        <property name="Class" value="ThrowAway"/>
        <property name="Delay" value="1.2"/>
        <!-- obsolete if rounds per minute exists -->
        <property name="Throw_strength_default" value="12"/>
        <property name="Throw_strength_max" value="56"/>
        <property name="Max_strain_time" value="2.5"/>
        <property name="Sound_start" value="swoosh"/>
        <property name="triggerEffectTriggerPullDualsense" value="RifleTrigger"/>
        <property name="triggerEffectTriggerPullXbox" value="PistolTrigger"/>
        <property name="triggerEffectTriggerShootDualsense" value="MGShoot"/>
        <property name="triggerEffectTriggerShootXbox" value="PistolShoot"/>
      </property>
      <property class="Action1">
        <!-- UseAction -->
        <property name="Class" value="Activate"/>
        <requirement name="CVarCompare" cvar="_underwater" operation="LT" value="1"/>
        <property name="Delay" value="1"/>
        <!-- obsolete if rounds per minute exists -->
      </property>
      <property name="ThrowableDecoy" value="true"/>
      <effect_group tiered="false">
        <display_value name="dExRadius" value="3"/>
        <display_value name="dExBlockDamage" value="6000"/>
        <display_value name="dExEntityDamage" value="1100"/>
        <display_value name="dFuseTime" value="6"/>
        <triggered_effect trigger="onSelfWaterSubmerge" action="ResetHeldItem"/>
      </effect_group>
    </item>

  </append>
  
  <!-- Add bloodstone charge -->
  <append xpath="/items">

    <item name="thrownBloodstoneCharge">
      <property name="Tags" value="ammo,weapon,attPerception,perkDemolitionsExpert,explosivesSkill,perkGreatHeistSafes"/>
      <property name="ItemTypeIcon" value="explosion"/>
      <property name="DisplayType" value="ammoGrenadeTimedCharge"/>

      <property name="CustomIcon" value="thrownBloodstoneCharge"/>
      <property name="TintColor" value="157, 57, 57"/>
      
      <property name="Class" value="ItemClassTimeBomb"/>
      <property name="HoldType" value="62"/>
      <property name="Meshfile" value="@:Other/Items/Weapons/Ranged/TimedCharge/timedChargePrefab.prefab"/>
      <property name="ActivationTransformToHide" value="Armed"/>
      <property name="DropScale" value="8"/>
      <property name="Material" value="Mmetal"/>
      <property name="Stacknumber" value="10"/>
      <property name="EconomicValue" value="5000"/>
      <property name="TraderStageTemplate" value="baseTier2"/>
      <!-- thrownTimedCharge -->
      <property name="Weight" value="0"/>
      <property name="Explosion.BlockDamage" value="220"/>
      <property name="Explosion.EntityDamage" value="1600"/>
      <property name="Explosion.BlockTags" value="door,safes,timecharge"/>
      <property name="Explosion.DamageBonus.tags" value="76"/>
      <property name="Explosion.ParticleIndex" value="21"/>
      <property name="Explosion.RadiusBlocks" value=".975"/>
      <property name="Explosion.RadiusEntities" value="2.4"/>
      <property name="Explosion.DamageBonus.stone" value="2"/>
      <property name="Explosion.DamageBonus.metal" value="2"/>
      <property name="Explosion.DamageBonus.earth" value="2"/>
      <!-- should work? -->
      <property name="Explosion.DamageBonus.wood" value="2"/>
      <property name="Explosion.DamageBonus.water" value="0"/>
      <property name="Explosion.BlastPower" value="150"/>
      <!-- (int,100) how far ragdolls and such are flung -->
      <property name="FusePrimeOnActivate" value="true"/>
      <property name="FuseTime" value="6"/>
      <!-- End: Needed for time in sec, max 6 -->
      <property name="StickPercent" value="2"/>
      <property name="UnlockedBy" value="craftingExplosives"/>
      <!-- perkDemolitionsExpert,bookGreatHeistGoldRush, -->
      <property name="Group" value="Ammo/Weapons,Ammo"/>
      <property name="SoundUnholster" value="charge_unholster"/>
      <property name="SoundStick" value="charge_stick"/>
      <property name="SoundTick" value="charge_beep,.8"/>
      <property name="SoundPickup" value="timedcharge_grab"/>
      <property name="SoundPlace" value="timedcharge_place"/>
      <property class="Action0">
        <property name="Class" value="ThrowAway"/>
        <property name="Delay" value="1.2"/>
        <property name="Throw_strength_default" value="30"/>
        <property name="Max_strain_time" value="0"/>
        <property name="Sound_start" value="charge_throw"/>
        <property name="triggerEffectTriggerPullDualsense" value="ShotgunTrigger"/>
        <property name="triggerEffectTriggerPullXbox" value="ShotgunTrigger"/>
        <property name="triggerEffectShootDualsense" value="ShotgunShoot"/>
        <property name="triggerEffectShootXbox" value="PistolShoot"/>
      </property>
      <property class="Action1">
        <!-- UseAction -->
        <property name="Class" value="Activate"/>
        <property name="Delay" value="1"/>
        <!-- obsolete if rounds per minute exists -->
        <requirement name="CVarCompare" cvar="_underwater" operation="LT" value="1"/>
      </property>
      <property name="ThrowableDecoy" value="true"/>
      <effect_group tiered="false">
        <display_value name="dExRadius" value="2"/>
        <display_value name="dExBlockDamage" value="6000"/>
        <display_value name="dExEntityDamage" value="1600"/>
        <display_value name="dFuseTime" value="6"/>
      </effect_group>
    </item>
    
  </append>

  <!-- Add bloodstone pickaxe -->
  <append xpath="/items">

    <item name="meleeToolBloodstonePick">
      <property name="Extends" value="meleeToolPickT1IronPickaxe"/>
      <property name="DisplayType" value="melee"/>
      <property name="CustomIcon" value="meleeToolBloodstonePick"/>
      <property name="TintColor" value="157, 57, 57"/>
      <property name="HoldType" value="4"/>
      <property name="Meshfile" value="@:Other/Items/Tools/pickaxe_steelPrefab.prefab"/>
      <property name="Weight" value="1"/>
      <property name="ScrapTimeOverride" value="10.0"/>
      <property name="RepairTools" value="resourceRepairKit"/>
      <property name="EconomicValue" value="2500"/>
      <property name="TraderStageTemplate" value="baseTier2"/>
      <!-- meleeToolPickT2SteelPickaxe -->
      <property name="Material" value="MmeleeToolAllSteel"/>
      <property name="UnlockedBy" value="craftingHarvestingTools"/>
      <!-- meleeToolSteelSetSchematic, -->
      <property name="Group" value="Tools/Traps"/>
      <property name="SoundUnholster" value="weapon_unholster"/>
      <property name="SoundHolster" value="weapon_holster"/>

      <property class="Action0">
        <property name="GrazeStart" value=".5"/>
        <property name="GrazeEnd" value=".6"/>
        <property name="SwingDegrees" value="65"/>
        <property name="SwingAngle" value="180"/>
        <property name="UseGrazingHits" value="true"/>
      </property>
      
      <property class="Action1">
        <property name="UsePowerAttackAnimation" value="true"/>
        <property name="UseGrazingHits" value="true"/>
        <property name="GrazeStart" value=".4"/>
        <property name="GrazeEnd" value=".48"/>
        <property name="SwingDegrees" value="110"/>
        <property name="SwingAngle" value="90"/>
      </property>
      
      <effect_group name="meleeToolBloodstonePick">
        <passive_effect name="AttacksPerMinute" operation="base_set" value="55" tags="perkMiner69r"/>
        <passive_effect name="StaminaLoss" operation="base_set" value="26.4" tags="primary"/>
        <passive_effect name="DegradationMax" operation="base_set" value="1000,5000" tier="1,6" tags="perkMiner69r"/>
        <passive_effect name="DegradationPerUse" operation="base_set" value="1" tags="perkMiner69r"/>
        <passive_effect name="MaxRange" operation="base_set" value="2.6" tags="perkMiner69r"/>
        <passive_effect name="BlockRange" operation="base_set" value="3.5" tags="perkMiner69r"/>
        <passive_effect name="ModSlots" operation="base_set" value="3,3,3,4,4,4" tier="1,2,3,4,5,6"/>
        <passive_effect name="ModPowerBonus" operation="perc_add" value=".10" tags="EntityDamage,BlockDamage"/>
        <passive_effect name="ModPowerBonus" operation="base_add" value="300" tags="EconomicValue"/>
        <passive_effect name="EntityDamage" operation="base_set" value="23.2" tags="perkMiner69r"/>
        <passive_effect name="EntityDamage" operation="perc_add" value="-.04,.04" tags="perkMiner69r"/>
        <!-- random EntityDmg -->
        <passive_effect name="EntityDamage" operation="perc_add" value=".1,.5" tier="2,6" tags="perkMiner69r"/>
        <!-- tier bonus -->
        <passive_effect name="BlockDamage" operation="base_set" value="127.5" tags="perkMiner69r,miningTool"/>
        <passive_effect name="BlockDamage" operation="perc_add" value="-.04,.04" tags="perkMiner69r"/>
        <!-- random BlockDmg -->
        <passive_effect name="BlockDamage" operation="perc_add" value=".15,.75" tier="2,6" tags="perkMiner69r"/>
        <!-- tier bonus -->
        <passive_effect name="PlayerExpGain" operation="perc_add" value="-.1" tags="Harvesting"/>
        <!-- <passive_effect name="DegradationMax" operation="perc_add" value="-.08,.08" tier="1,6" tags="perkMiner69r"/> -->
        <!-- random DegMax -->
        <!-- <passive_effect name="AttacksPerMinute" operation="perc_add" value="-.05,.05" tags="perkMiner69r"/> -->
        <!-- random APM -->
        <!-- <passive_effect name="StaminaLoss" operation="perc_add" value="-.05,.05"/> -->
        <!-- random StamLoss -->
        <passive_effect name="DamageModifier" operation="perc_add" value="-.8" tags="wood"/>
        <passive_effect name="DamageModifier" operation="perc_add" value="-.8" tags="earth"/>
        <passive_effect name="DamageModifier" operation="perc_add" value=".8" tags="stone"/>
        <passive_effect name="DamageModifier" operation="perc_add" value=".8" tags="terrGravel"/>
      </effect_group>
      
      <effect_group name="Power Attack">
        <passive_effect name="EntityDamage" operation="perc_add" value="1.75" tags="secondary"/>
        <passive_effect name="BlockDamage" operation="perc_add" value="1.875" tags="secondary"/>
        <!-- <passive_effect name="AttacksPerMinute" operation="perc_add" value="-.3" tags="secondary"/> -->
        <passive_effect name="StaminaLoss" operation="base_set" value="52.7" tags="secondary"/>
      </effect_group>
      
    </item>

  </append>

  <!-- Add bloodstone pickaxe axe -->
  <append xpath="/items">

    <item name="meleeToolBloodstonePickaxeAxe">
      <property name="Extends" value="meleeToolPickT1IronPickaxe"/>
      <property name="DisplayType" value="melee"/>
      <property name="CustomIcon" value="meleeToolBloodstonePickaxeAxe"/>
      <property name="TintColor" value="255, 25, 25"/>
      <property name="HoldType" value="4"/>
      <property name="Meshfile" value="@:Other/Items/Tools/pickaxe_steelPrefab.prefab"/>
      <property name="Weight" value="1"/>
      <property name="ScrapTimeOverride" value="10.0"/>
      <property name="RepairTools" value="resourceRepairKit"/>
      <property name="EconomicValue" value="10000"/>
      <property name="TraderStageTemplate" value="baseTier2"/>
      <!-- meleeToolPickT2SteelPickaxe -->
      <property name="Material" value="MmeleeToolAllSteel"/>
      <property name="UnlockedBy" value="craftingHarvestingTools"/>
      <!-- meleeToolSteelSetSchematic, -->
      <property name="Group" value="Tools/Traps"/>
      <property name="SoundUnholster" value="weapon_unholster"/>
      <property name="SoundHolster" value="weapon_holster"/>

      <property class="Action0">
        <property name="GrazeStart" value=".5"/>
        <property name="GrazeEnd" value=".6"/>
        <property name="SwingDegrees" value="65"/>
        <property name="SwingAngle" value="180"/>
        <property name="UseGrazingHits" value="true"/>
      </property>

      <property class="Action1">
        <property name="UsePowerAttackAnimation" value="true"/>
        <property name="UseGrazingHits" value="true"/>
        <property name="GrazeStart" value=".4"/>
        <property name="GrazeEnd" value=".48"/>
        <property name="SwingDegrees" value="110"/>
        <property name="SwingAngle" value="90"/>
      </property>

      <effect_group name="meleeToolBloodstonePickaxeAxe">
        <passive_effect name="AttacksPerMinute" operation="base_set" value="55" tags="perkMiner69r"/>
        <passive_effect name="StaminaLoss" operation="base_set" value="26.4" tags="primary"/>
        <passive_effect name="DegradationMax" operation="base_set" value="1000,5000" tier="1,6" tags="perkMiner69r"/>
        <passive_effect name="DegradationPerUse" operation="base_set" value="1" tags="perkMiner69r"/>
        <passive_effect name="MaxRange" operation="base_set" value="2.6" tags="perkMiner69r"/>
        <passive_effect name="BlockRange" operation="base_set" value="3.5" tags="perkMiner69r"/>
        <passive_effect name="ModSlots" operation="base_set" value="3,3,3,4,4,4" tier="1,2,3,4,5,6"/>
        <passive_effect name="ModPowerBonus" operation="perc_add" value=".10" tags="EntityDamage,BlockDamage"/>
        <passive_effect name="ModPowerBonus" operation="base_add" value="300" tags="EconomicValue"/>
        <passive_effect name="EntityDamage" operation="base_set" value="23.2" tags="perkMiner69r"/>
        <passive_effect name="EntityDamage" operation="perc_add" value="-.04,.04" tags="perkMiner69r"/>
        <!-- random EntityDmg -->
        <passive_effect name="EntityDamage" operation="perc_add" value=".1,.5" tier="2,6" tags="perkMiner69r"/>
        <!-- tier bonus -->
        <passive_effect name="BlockDamage" operation="base_set" value="127.5" tags="perkMiner69r,miningTool"/>
        <passive_effect name="BlockDamage" operation="perc_add" value="-.04,.04" tags="perkMiner69r"/>
        <!-- random BlockDmg -->
        <passive_effect name="BlockDamage" operation="perc_add" value=".15,.75" tier="2,6" tags="perkMiner69r"/>
        <!-- tier bonus -->
        <passive_effect name="PlayerExpGain" operation="perc_add" value="-.1" tags="Harvesting"/>
        <!-- <passive_effect name="DegradationMax" operation="perc_add" value="-.08,.08" tier="1,6" tags="perkMiner69r"/> -->
        <!-- random DegMax -->
        <!-- <passive_effect name="AttacksPerMinute" operation="perc_add" value="-.05,.05" tags="perkMiner69r"/> -->
        <!-- random APM -->
        <!-- <passive_effect name="StaminaLoss" operation="perc_add" value="-.05,.05"/> -->
        <!-- random StamLoss -->
        <passive_effect name="DamageModifier" operation="perc_add" value=".8" tags="wood"/>
        <passive_effect name="DamageModifier" operation="perc_add" value=".8" tags="earth"/>
        <passive_effect name="DamageModifier" operation="perc_add" value=".8" tags="stone"/>
        <passive_effect name="DamageModifier" operation="perc_add" value=".8" tags="terrGravel"/>
        <passive_effect name="DamageModifier" operation="perc_add" value=".8" tags="metal"/>
      </effect_group>

      <effect_group name="Power Attack">
        <passive_effect name="EntityDamage" operation="perc_add" value="1.75" tags="secondary"/>
        <passive_effect name="BlockDamage" operation="perc_add" value="1.875" tags="secondary"/>
        <!-- <passive_effect name="AttacksPerMinute" operation="perc_add" value="-.3" tags="secondary"/> -->
        <passive_effect name="StaminaLoss" operation="base_set" value="52.7" tags="secondary"/>
      </effect_group>

    </item>

  </append>
  
  <!-- Add bloodstone shovel -->
  <append xpath="/items">

    <item name="meleeToolBloodstoneShovel">
      <property name="Extends" value="meleeToolShovelT1IronShovel"/>
      <property name="Tags" value="melee,grunting,medium,tool,longShaft,shovel,attStrength,perkMiner69r,perkMotherLode,canHaveCosmetic,harvestingSkill"/>
      <property name="Meshfile" value="@:Other/Items/Tools/shovel_steelPrefab.prefab"/>
      <property name="CustomIcon" value="meleeToolBloodstoneShovel"/>
      <property name="TintColor" value="157, 57, 57"/>
      <property name="Weight" value="1"/>
      <property name="ScrapTimeOverride" value="10.0"/>
      <property name="RepairTools" value="resourceRepairKit"/>
      <property name="EconomicValue" value="2500"/>
      <property name="TraderStageTemplate" value="baseTier2"/>
      <!-- meleeToolShovelT2SteelShovel -->
      <property name="Material" value="MmeleeToolAllSteel"/>
      <property name="UnlockedBy" value="craftingHarvestingTools"/>
      <!-- meleeToolSteelSetSchematic, -->
      <property name="SoundUnholster" value="weapon_unholster"/>
      <property name="SoundHolster" value="weapon_holster"/>

      <property class="Action0">
        <property name="Class" value="DynamicMelee"/>
        <property name="Sphere" value=".15"/>
        <!-- limit to 0.15, else the sphere cast can overlap the target already -->
        <property name="Sound_start" value="shovel_metal_swinglight"/>
        <property name="ToolCategory.harvestingTools" value="1" param1="1"/>
      </property>
      
      <property class="Action1">
        <property name="Class" value="DynamicMelee"/>
        <property name="Sphere" value=".15"/>
        <!-- limit to 0.15, else the sphere cast can overlap the target already -->
        <property name="Sound_start" value="shovel_metal_swinglight"/>
        <property name="ToolCategory.harvestingTools" value="1" param1="1"/>
        <property name="UsePowerAttackAnimation" value="true"/>
      </property>

      <effect_group name="meleeToolBloodstoneShovel">
        <passive_effect name="AttacksPerMinute" operation="base_set" value="50" tags="perkMiner69r"/>
        <passive_effect name="StaminaLoss" operation="base_set" value="24.7" tags="primary"/>
        <passive_effect name="DegradationMax" operation="base_set" value="1000,5000" tier="1,6" tags="perkMiner69r"/>
        <passive_effect name="DegradationPerUse" operation="base_set" value="1" tags="perkMiner69r"/>
        <passive_effect name="MaxRange" operation="base_set" value="2.6" tags="perkMiner69r"/>
        <passive_effect name="BlockRange" operation="base_set" value="3.5" tags="perkMiner69r"/>
        <passive_effect name="ModSlots" operation="base_set" value="3,3,3,4,4,4" tier="1,2,3,4,5,6"/>
        <passive_effect name="ModPowerBonus" operation="perc_add" value=".10" tags="EntityDamage,BlockDamage"/>
        <passive_effect name="ModPowerBonus" operation="base_add" value="300" tags="EconomicValue"/>
        <passive_effect name="EntityDamage" operation="base_set" value="25" tags="perkMiner69r"/>
        <passive_effect name="EntityDamage" operation="perc_add" value="-.04,.04" tags="perkMiner69r"/>
        <!-- random EntityDmg -->
        <passive_effect name="EntityDamage" operation="perc_add" value=".1,.5" tier="2,6" tags="perkMiner69r"/>
        <!-- tier bonus -->
        <passive_effect name="BlockDamage" operation="base_set" value="150" tags="perkMiner69r"/>
        <passive_effect name="BlockDamage" operation="perc_add" value="-.04,.04" tags="perkMiner69r"/>
        <!-- random BlockDmg -->
        <passive_effect name="BlockDamage" operation="perc_add" value=".1,.5" tier="2,6" tags="perkMiner69r"/>
        <!-- tier bonus -->
        <passive_effect name="PlayerExpGain" operation="perc_add" value="-.1" tags="Harvesting"/>
        <!-- <passive_effect name="DegradationMax" operation="perc_add" value="-.08,.08" tier="1,6" tags="perkMiner69r"/> -->
        <!-- random DegMax -->
        <!-- <passive_effect name="AttacksPerMinute" operation="perc_add" value="-.05,.05" tags="perkMiner69r"/> -->
        <!-- random APM -->
        <!-- <passive_effect name="StaminaLoss" operation="perc_add" value="-.05,.05"/> -->
        <!-- random StamLoss -->
        <passive_effect name="DamageModifier" operation="perc_add" value="-.7" tags="wood"/>
        <passive_effect name="DamageModifier" operation="perc_add" value="-.8" tags="stone"/>
        <passive_effect name="DamageModifier" operation="perc_add" value="-.8" tags="metal"/>
      </effect_group>
      <effect_group name="Power Attack">
        <passive_effect name="EntityDamage" operation="perc_add" value="1.25" tags="secondary"/>
        <passive_effect name="BlockDamage" operation="perc_add" value="1.875" tags="secondary"/>
        <!-- <passive_effect name="AttacksPerMinute" operation="perc_add" value="-.3" tags="secondary"/> -->
        <passive_effect name="StaminaLoss" operation="base_set" value="49.3" tags="secondary"/>
      </effect_group>
    </item>

  </append>
  
  <!-- Add can of blood -->
  <append xpath="/items">

    <item name="drinkCanOfBlood">
      <property name="CustomIcon" value="drinkCanOfBlood"/>
      <property name="HoldType" value="14"/>
      <property name="Meshfile" value="@:Other/Items/Food/can_emptyPrefab.prefab"/>
      <property name="DropMeshfile" value="@:Other/Items/Misc/sack_droppedPrefab.prefab"/>
      <property name="Material" value="Mmetal"/>
      <property name="Stacknumber" value="500"/>
      <property name="EconomicValue" value="50"/>
      <property name="Group" value="Resources"/>
    </item>

  </append>

  <!-- Add schematic for bloodstone arrow head mod -->
  <append xpath="/items">

    <item name="modBloodstoneArrowsSchematic">
      <property name="Extends" value="schematicNoQualityMaster"/>
      <property name="CreativeMode" value="Player"/>
      <property name="CustomIcon" value="modBloodstoneArrows"/>
      <property name="Unlocks" value="modBloodstoneArrows"/>
      <effect_group tiered="false">
        <triggered_effect trigger="onSelfPrimaryActionEnd" action="ModifyCVar" cvar="modBloodstoneArrows" operation="set" value="1"/>
        <triggered_effect trigger="onSelfPrimaryActionEnd" action="GiveExp" exp="500"/>
      </effect_group>
    </item>

  </append>

  <!-- Add schematic for bloodstone bullets mod -->
  <append xpath="/items">

    <item name="modBloodstoneBulletsSchematic">
      <property name="Extends" value="schematicNoQualityMaster"/>
      <property name="CreativeMode" value="Player"/>
      <property name="CustomIcon" value="modBloodstoneBullets"/>
      <property name="Unlocks" value="modBloodstoneBullets"/>
      <effect_group tiered="false">
        <triggered_effect trigger="onSelfPrimaryActionEnd" action="ModifyCVar" cvar="modBloodstoneBullets" operation="set" value="1"/>
        <triggered_effect trigger="onSelfPrimaryActionEnd" action="GiveExp" exp="500"/>
      </effect_group>
    </item>

  </append>

  <!-- Add schematic for bloodstone tip mod -->
  <append xpath="/items">

    <item name="modMeleeBloodstoneTipSchematic">
      <property name="Extends" value="schematicNoQualityMaster"/>
      <property name="CreativeMode" value="Player"/>
      <property name="CustomIcon" value="modMeleeBloodstoneTip"/>
      <property name="Unlocks" value="modMeleeBloodstoneTip"/>
      <effect_group tiered="false">
        <triggered_effect trigger="onSelfPrimaryActionEnd" action="ModifyCVar" cvar="modMeleeBloodstoneTip" operation="set" value="1"/>
        <triggered_effect trigger="onSelfPrimaryActionEnd" action="GiveExp" exp="500"/>
      </effect_group>
    </item>

  </append>

</Config>