<Config>

  <!-- Add bloodstone arrows mod -->
  <append xpath="/item_modifiers">
    
    <item_modifier name="modBloodstoneArrows" installable_tags="perkArchery" modifier_tags="specialDamage" blocked_tags="noMods" type="attachment">
      <property name="Extends" value="modGeneralMaster" param1="CustomIcon"/>
      <property name="CustomIcon" value="modBloodstoneArrows"/>
      <property name="Material" value="MresourceForgedSteel" count="25"/>
      <property name="EconomicValue" value="5000"/>
      <property name="UnlockedBy" value="modBloodstoneArrowsSchematic"/>
      <property name="TraderStageTemplate" value="modsTier3"/>
      
      <effect_group tiered="false">
        <passive_effect name="EntityDamage" operation="perc_add" value=".50"/>
      </effect_group>
      
      <effect_group tiered="false">
        <requirement name="RandomRoll" seed_type="Random" min_max="0,100" operation="LTE" value="50"/>
        <requirement name="CVarCompare" cvar="bleedCounter" operation="LT" value="@$maxBleedCounter" target="other"/>
        <triggered_effect trigger="onSelfAttackedOther" action="ModifyCVar" target="otherAOE" range="1"  cvar="bleedCounter" operation="add" value="5"/>
      </effect_group>
      
    </item_modifier>
    
  </append>

  <!-- Add bloodstone bullets mod -->
  <append xpath="/item_modifiers">
    
    <item_modifier name="modBloodstoneBullets" installable_tags="gun,turretRanged" modifier_tags="specialDamage" blocked_tags="noMods" type="attachment">
      <property name="Extends" value="modGeneralMaster" param1="CustomIcon"/>
      <property name="CustomIcon" value="modBloodstoneBullets"/>
      <property name="Material" value="MresourceForgedSteel" count="25"/>
      <property name="EconomicValue" value="5000"/>
      <property name="UnlockedBy" value="modBloodstoneBulletsSchematic"/>
      <property name="TraderStageTemplate" value="modsTier3"/>
      
      <effect_group tiered="false">
        <passive_effect name="EntityDamage" operation="perc_add" value=".50"/>
        <passive_effect name="DegradationPerUse" operation="perc_add" value=".1"/>
        <passive_effect name="DismemberChance" operation="base_add" value=".75">
          <requirement name="HitLocation" body_parts="Head"/>
        </passive_effect>
        <passive_effect name="TargetArmor" operation="perc_add" value=".25"/>
        <display_value name="dTargetArmor" value=".25"/>
      </effect_group>
      
      <effect_group tiered="false">
        <requirement name="RandomRoll" seed_type="Random" min_max="0,100" operation="LTE" value="50"/>
        <requirement name="CVarCompare" cvar="bleedCounter" operation="LT" value="@$maxBleedCounter" target="other"/>
        <triggered_effect trigger="onSelfAttackedOther" action="ModifyCVar" target="otherAOE" range="1"  cvar="bleedCounter" operation="add" value="5"/>
      </effect_group>
      
    </item_modifier>
    
  </append>

  <!-- Add bloodstone tip mod -->
  <append xpath="/item_modifiers">

    <item_modifier name="modMeleeBloodstoneTip" installable_tags="melee" modifier_tags="damageStone" blocked_tags="noMods" type="attachment">
      <property name="Extends" value="modGeneralMaster" param1="CustomIcon"/>
      <property name="CustomIcon" value="modMeleeBloodstoneTip"/>
      <property name="UnlockedBy" value="modMeleeBloodstoneTipSchematic"/>
      <property name="TraderStageTemplate" value="modsTier3"/>

      <effect_group tiered="false">
        <passive_effect name="DamageModifier" operation="perc_add" value=".75" tags="stone"/>
        <passive_effect name="DamageModifier" operation="perc_add" value=".75" tags="metal"/>
        <passive_effect name="StaminaLoss" operation="perc_add" value="-.25" tags="primary,secondary"/>
        <passive_effect name="DegradationPerUse" operation="perc_add" value=".25" tags="perkArchery,perkMiner69r,perkSalvageOperations,perkElectrocutioner,perkJavelinMaster,perkPummelPete,perkSkullCrusher,perkDeepCuts,perkBrawler,admin"/>
        <!-- <triggered_effect trigger="onSelfEquipStart" action="AddBuff" buff="buffHarvestXPBalance"/> -->
        <!-- <triggered_effect trigger="onSelfEquipStop" action="RemoveBuff" buff="buffHarvestXPBalance"/> -->
      </effect_group>
    </item_modifier>
    
  </append>
  
</Config>