<Config>

  <!-- Add bloodstone to CraftingRare group -->
  <append xpath="/lootcontainers/lootgroup[@name='groupCraftingRare']">

    <item name="resourceBloodstone" count="1,2"/>

  </append>
  
  <!-- Add bloodstone arrow head to modMeleeT3 group -->
  <append xpath="/lootcontainers/lootgroup[@name='modGunT3']">

    <item name="modBloodstoneArrows"/>

  </append>

  <!-- Add bloodstone arrow head schematic to T2 schematics group -->
  <append xpath="/lootcontainers/lootgroup[@name='schematicsModsAndGeneralT2']">

    <item name="modBloodstoneArrowsSchematic"/>

  </append>

  <!-- Add bloodstone bullets to modMeleeT3 group -->
  <append xpath="/lootcontainers/lootgroup[@name='modGunT3']">

    <item name="modBloodstoneBullets"/>

  </append>

  <!-- Add bloodstone bullets schematic to T2 schematics group -->
  <append xpath="/lootcontainers/lootgroup[@name='schematicsModsAndGeneralT2']">

    <item name="modBloodstoneBulletsSchematic"/>

  </append>

  <!-- Add bloodstone tip to modMeleeT3 group -->
  <append xpath="/lootcontainers/lootgroup[@name='modMeleeT3']">

    <item name="modMeleeBloodstoneTip"/>
    
  </append>

  <!-- Add bloodstone tip schematic to T2 schematics group -->
  <append xpath="/lootcontainers/lootgroup[@name='schematicsModsAndGeneralT2']">

    <item name="modMeleeBloodstoneTipSchematic"/>
    
  </append>

  <!-- Add can of blood to CraftingRare group -->
  <append xpath="/lootcontainers/lootgroup[@name='groupCraftingRare']">

    <item name="drinkCanOfBlood" count="1,5"/>

  </append>

  <!-- Add can of blood to ScrapRare group -->
  <append xpath="/lootcontainers/lootgroup[@name='groupScrapRare']">

    <item name="drinkCanOfBlood" count="1,5"/>

  </append>
  
</Config>