<Config>

  <!-- Add the ZombiesGiant group to pine_forest -->
  <append xpath="/spawning/biome[@name='pine_forest']">
    <spawn maxcount="1" respawndelay="5" time="Any" entitygroup="ZombiesGiant" spawnDeadChance="0" />
  </append>

  <!-- Add the ZombiesGiant group to burnt_forest -->
  <append xpath="/spawning/biome[@name='burnt_forest']">
    <spawn maxcount="2" respawndelay="2" time="Any" entitygroup="ZombiesGiant" spawnDeadChance="0" />
  </append>

  <!-- Add the ZombiesGiant group to desert -->
  <append xpath="/spawning/biome[@name='desert']">
    <spawn maxcount="2" respawndelay="4" time="Any" entitygroup="ZombiesGiant" spawnDeadChance="0" />
  </append>

  <!-- Add the ZombiesGiant group to snow -->
  <append xpath="/spawning/biome[@name='snow']">
    <spawn maxcount="1" respawndelay="5" time="Any" entitygroup="ZombiesGiant" spawnDeadChance="0" />
  </append>

  <!-- Add the ZombiesGiant group to wasteland -->
  <append xpath="/spawning/biome[@name='wasteland']">
    <spawn maxcount="2" respawndelay="2" time="Any" entitygroup="ZombiesGiant" spawnDeadChance="0" />
  </append>
  
</Config>