<Config>

  <!-- Make iron spikes upgradable to bloodstone -->
  <append xpath="/blocks/block[@name='trapSpikesIronDmg0']">
  
	<property class="UpgradeBlock">
		<property name="ToBlock" value="trapSpikesBloodstoneDmg0"/>
		<property name="Item" value="resourceBloodstone"/>
		<property name="ItemCount" value="1"/>
		<property name="UpgradeHitCount" value="4"/>
	</property>
  
  </append>

  <!-- Make steel doors (not powered) upgradable to bloodstone -->
  <append xpath="/blocks/block[@name='vaultDoor01']">

    <property class="UpgradeBlock">
      <property name="ToBlock" value="bloodstoneDoor"/>
      <property name="Item" value="resourceBloodstone"/>
      <property name="ItemCount" value="10"/>
      <property name="UpgradeHitCount" value="6"/>
    </property>
    
  </append>
  
  <!-- Make steel upgradable to bloodstone p1 -->
  <append xpath="/blocks/block[@name='steelShapes']">

    <property class="UpgradeBlock">
      <property name="ToBlock" value="bloodstoneShapes"/>
      <property name="Item" value="resourceBloodstone"/>
      <property name="ItemCount" value="10"/>
      <property name="UpgradeHitCount" value="4"/>
    </property>
    
  </append>

  <!-- Make steel upgradable to bloodstone p2 -->
  <append xpath="/blocks/block[@name='steelMaster']">

    <property class="UpgradeBlock">
      <property name="ToBlock" value="steelMaster"/>
      <property name="Item" value="resourceBloodstone"/>
      <property name="ItemCount" value="10"/>
      <property name="UpgradeHitCount" value="4"/>
    </property>

  </append>
  
  <!-- Add bloodstone shapes -->
  <append xpath="/blocks">

    <block name="bloodstoneShapes" shapes="All">
      <property name="DescriptionKey" value="bloodstoneShapesDesc"/>
      <property name="DisplayType" value="blockHardened"/>
      <property name="Material" value="Mbloodstone_shapes"/>
      <property name="Shape" value="New"/>
      <property name="Texture" value="540"/>
      <property name="UiBackgroundTexture" value="540"/>
      <property name="EconomicValue" value="250"/>
      <property class="RepairItems">
        <property name="resourceBloodstone" value="5"/>
      </property>
      <drop event="Harvest" name="resourceScrapIron" count="15" tag="allHarvest"/>
      <drop event="Destroy" count="0"/>
      <drop event="Fall" name="scrapMetalPile" count="1" prob="0.75" stick_chance="1"/>
      <property name="UpgradeSound" value="place_block_metal"/>
      <property name="SortOrder1" value="S040"/>
      <!-- SortOrder2 is assigned in code to keep all of the shapes in the same order for each material -->
      <property name="Group" value="Building,advBuilding"/>
      <property name="FilterTags" value="MC_Shapes"/>
    </block>
    
  </append>

  <!-- Add bloodstone door -->
  <append xpath="/blocks">

    <block name="bloodstoneDoor">
      <!-- Class -->
      <property name="Class" value="DoorSecure"/>
      <property name="OpenSound" value="open_door_vault"/>
      <property name="CloseSound" value="close_door_vault"/>
      <property name="IndexName" value="TraderOnOff"/>
      <!-- UI_Info -->
      <property name="DisplayType" value="blockHardenedMulti"/>
      <property name="DescriptionKey" value="vaultDoor01Desc"/>
      <property name="Stacknumber" value="500"/>
      <!-- Visual -->
      <property name="Material" value="Mbloodstone_shapes"/>
      <property name="Shape" value="ModelEntity"/>
      <property name="Model" value="Entities/Doors/vaultDoor/vaultDoorPrefab"/>
      <property name="ModelOffset" value="0,0,0"/>
      <property name="MultiBlockDim" value="1,2,1"/>
      <property name="ImposterExchange" value="imposterBlock" param1="77"/>
      <property name="LightOpacity" value="1"/>
      <property name="WaterFlow" value="permitted"/>
      <!-- Placement -->
      <property name="Place" value="Door"/>
      <property name="PlaceEverywhere" value="true"/>
      <property name="AllowAllRotations" value="true"/>
      <property name="StabilitySupport" value="false"/>
      <!-- Value -->
      <property name="EconomicValue" value="1"/>
      <property name="SellableToTrader" value="false"/>
      <!-- Interaction -->
      <property name="MaxDamage" value="25000"/>
      <property name="StartDamage" value="0"/>
      <property name="PassThroughDamage" value="true"/>
      <property name="Stage2Health" value="1"/>
      <property name="MeshDamage" value="
		Door/DMG0, 15000,
		Door/DMG1, 10000,
		Door/DMG2, 5000,
		-, 1
		"/>
      <property class="RepairItems">
        <property name="resourceBloodstone" value="11"/>
      </property>
      <property class="RepairItemsMeshDamage">
        <property name="resourceBloodstone" value="1"/>
      </property>
      <drop event="Harvest" name="terrStone" count="0" tool_category="Disassemble"/>
      <drop event="Harvest" name="resourceScrapIron" count="96" tag="allHarvest"/>
      <drop event="Destroy" count="0"/>
      <drop event="Fall" name="scrapMetalPile" count="1" prob="0.75" stick_chance="1"/>
      <!-- Sorting -->
      <property name="SortOrder1" value="B303"/>
      <property name="SortOrder2" value="000"/>
      <property name="Group" value="Building,advBuilding"/>
      <property name="Tags" value="door"/>
      <property name="BlockTag" value="Door"/>
      <property name="FilterTags" value="MC_building,SC_doors"/>
    </block>

  </append>
  
  <!-- Add bloodstone mine -->
  <append xpath="/blocks">
  
	<block name="mineBloodstone">
		<property name="Class" value="Mine"/> <!-- a mine destroyed by an *explosion* only has a 33% chance to detonate -->
		<property name="DisplayType" value="blockLandmine"/>
		<property name="CustomIcon" value="mineBloodstone"/>
		<property name="TriggerDelay" value="0.5"/>
		<property name="TriggerSound" value="landmine_trigger"/>
		<property name="Explosion.ParticleIndex" value="15"/>
		<property name="Explosion.RadiusBlocks" value="4"/>
		<property name="Explosion.BlockDamage" value="5"/>
		<property name="Explosion.RadiusEntities" value="10"/>
		<property name="Explosion.EntityDamage" value="2500"/> <!-- damage for entities in the center of the explosion. -->
		<property name="Explosion.DamageBonus.stone" value="0.1"/>
		<property name="Explosion.DamageBonus.metal" value="0.1"/>
		<property name="Explosion.DamageBonus.earth" value="0"/>
		<property name="Explosion.DamageBonus.wood" value="0"/>
		<property name="Explosion.DamageBonus.water" value="0"/>
		<property name="ItemTypeIcon" value="explosion"/>
		<property name="Stacknumber" value="25"/> <!-- STK explosives -->
		<property name="Material" value="MLandMine"/>
		<property name="Shape" value="ModelEntity"/>
		<property name="Model" value="@:Other/Items/Weapons/Explosive/trapMineTinCan_01Prefab.prefab"/>
		<property name="LODCullScale" value="0.5"/>
		<property name="WaterFlow" value="permitted"/>
		<property name="OnlySimpleRotations" value="true"/>
		<property name="Collide" value="movement,melee,bullet,arrow,rocket"/>
		<property name="IsTerrainDecoration" value="true"/>
		<property name="EconomicValue" value="150"/>
		<property name="MaxDamage" value="4"/>
		<property class="RepairItems">
			<property name="resourceBloodstone" value="1"/>
		</property>
		<property name="CanPickup" value="false"/>
		<drop event="Destroy" count="0"/>
		<property name="SortOrder1" value="B757"/>
		<property name="SortOrder2" value="0000"/>
		<property name="Group" value="Science,TCScience"/>
		<property name="Tags" value="Mine"/>
		<property name="FilterTags" value="MC_building,SC_traps"/>
	</block>
  
  </append>
  
  <!-- Add bloodstone spikes -->
  <append xpath="/blocks">
  
	  <block name="trapSpikesBloodstoneMaster">
		  <property name="CreativeMode" value="None"/>
		  <property name="Class" value="TrunkTip"/>
		  <property name="Damage" value="150"/>
		  <property name="Damage_received" value="15"/>
		  <property name="DescriptionKey" value="trapSpikesGroupDesc"/>
		  <property name="DisplayType" value="blockHardened"/>
		  <property name="CustomIcon" value="trapSpikesBloodstoneMaster"/>
		  <property name="TintColor" value="250, 57, 57"/>
		  <property name="Material" value="MtrapSpikesIron"/>
		  <property name="Shape" value="ModelEntity"/>
		  <property name="Model" value="Entities/traps/ironSpikesTrapPrefab"/>
		  <property name="ImposterExclude" value="true"/>
		  <property name="LightOpacity" value="6"/>
		  <property name="WaterFlow" value="permitted"/>
		  <property name="Collide" value="melee"/>
		  <property name="Path" value="solid"/>
		  <property name="IsTerrainDecoration" value="false"/>
		  <property name="EconomicValue" value="75"/>
		  <property name="EconomicBundleSize" value="20"/>
		  <property name="MaxDamage" value="1000"/>
		  <property class="RepairItems">
			  <property name="resourceBloodstone" value="1"/>
		  </property>
		  <property name="UpgradeSound" value="place_block_metal"/>
		  <drop event="Destroy" name="resourceScrapIron" count="10,20"/>
		  <drop event="Fall" count="0"/>
		  <property name="SortOrder1" value="B751"/>
		  <property name="SortOrder2" value="0000"/>
		  <property name="Group" value="Building"/>
		  <property name="BlockTag" value="Spike"/>
		  <property name="FilterTags" value="MC_building,SC_traps"/>
	  </block>

	  <!-- Player made Stage 3 with blood -->
	  <block name="trapSpikesBloodstoneDmg2">
		  <property name="Extends" value="trapSpikesBloodstoneMaster"/>
		  <property name="CreativeMode" value="Dev"/>
		  <property name="Model" value="Entities/traps/ironSpikesTrap2BloodPrefab"/>
		  <property class="UpgradeBlock">
			  <property name="ToBlock" value="trapSpikesBloodstoneDmg1"/>
			  <property name="Item" value="resourceBloodstone"/>
			  <property name="ItemCount" value="1"/>
			  <property name="UpgradeHitCount" value="4"/>
		  </property>
		  <property name="SortOrder2" value="0001"/>
	  </block>

	  <!-- Player made Stage 2 with blood -->
	  <block name="trapSpikesBloodstoneDmg1">
		  <property name="Extends" value="trapSpikesBloodstoneMaster"/>
		  <property name="CreativeMode" value="Dev"/>
		  <property name="Model" value="Entities/traps/ironSpikesTrap1BloodPrefab"/>
		  <property class="UpgradeBlock">
			  <property name="ToBlock" value="trapSpikesBloodstoneDmg0"/>
			  <property name="Item" value="resourceBloodstone"/>
			  <property name="ItemCount" value="1"/>
			  <property name="UpgradeHitCount" value="4"/>
		  </property>
		  <property name="DowngradeBlock" value="trapSpikesBloodstoneDmg2"/>
		  <property name="SortOrder2" value="0002"/>
	  </block>

	  <!-- Player made Stage 1 with no blood -->
	  <block name="trapSpikesBloodstoneDmg0">
		  <property name="Extends" value="trapSpikesBloodstoneMaster"/>
		  <property name="CustomIcon" value="trapSpikesBloodstoneMaster"/>
		  <property name="DowngradeBlock" value="trapSpikesBloodstoneDmg1"/>
		  <property name="SortOrder2" value="0003"/>
	  </block>
  
  </append>
  
</Config>